$id,$ref,$version,$task,phone,company
YR32YQH78PPZXSNT,,PX9RY6QC579RX3B9,anrufen_stufe,+497141968323,"Kleeblatt Tamm, Egelsee"
AWNF7V8GHKVHXK9A,,K7HAYKE2LC6WLMNF,export_negative,+497476946660,Senioren- u. Pflegeheim in Grosselfingen
NQYYNGVMRSRF7AZ3,,N4RFUNV335E9W86U,anrufen_stufe,+492291809000,AWO Gesellschaft für Altenhilfeeinrichtungen mbH Seniorenzentrum
,,,,+493624318250,
,,,,+4935751279964,
8YG9HYVGPLRRKAAY,,5CBP223XLRZK3TKG,anrufen_stufe,+4947637277,Seniorenwohnanlage Gnarrenburg
,,,,+4923633600,
HGEXTJV8QBMBZQY5,,TL38W8HFHPPQE5PY,export_negative,+4954396075829,Haus der Heimat
8MNPYP89JJH5F4DF,,KN6DHTJ2HPQN8H9Z,export_negative,+49244495150,Stiftung Ev. Alten- u. Pflegeheim Gemünd
,,,,+49401818811269,
,,,,+4980415071004,
,,,,+498917970,
,,,,+493916058177,
R7WMVJJTGJ33DCQ8,,WJES9JR5KT6LARJA,anrufen_stufe,+492335846190,Seniorenresidenz Wetter Seniorenheim
TU8KR59S35H5DR8B,,EB473W7WBGSZZ4EE,anrufen_stufe,+492161927960,Haus Bungeroth
FRF9A8H8T7FM2N8W,,H9NQRVCLHRXEPF2P,anrufen_stufe,+49487176700,Cura Seniorencentrum Hohenwestedt
,,,,+49401818806810,
PSNSCJCAWGLCXVNM,,FJFUA99EJ8J52XQV,anrufen_stufe,+49735115220,Katholische Sozialstation Biberach gGmbH
,,,,+493943632738,
,,,,+498131760,
KCWXZ3JTF4PN2NQD,,BP5NAZXS5FFJSCKB,anrufen_stufe,+49361663880,PHÃƒâ€“NIX Seniorenzentrum im Brühl GmbH
M7G26FSEA9TZZTF3,,HWTDRPXWJRM3JRV3,anrufen_stufe,+499074957000,Priv. Pflege- u. Seniorenheim Lipp
,,,,+4936338450912,
EDFY8BUD9GDS34CX,,4EP6UHYM5XYWVRRA,export_negative,+492662948630,DRK Seniorenwohnpark Am Rothenberg
U7K88HHZ5H3HZXMN,,EDQESYZLSJT9UFJW,export_negative,+49215178191,Orpea Comunita Holding GmbH
,,,,+49615463990,
NXTGL2UUXRUTMTVL,,97W3K5KU5KAGGSQS,anrufen_stufe,+49513152989,Seniorenhaus Monika Steenfatt Altenpflegewohnheim
ZE2GF32KC7SPDMJG,,J6JX3XC5FAYP7P27,export_negative,+497121240421,A.I.P.-Ambulante u. individuelle Pflege GmbH
AHYG3NXYAZPZG3UQ,,28H2FC9CYDVGBNZW,anrufen_stufe,+492304982900,St.Martin Senioren- und Pflegeheim
JSHM2B8QJCGGFXAX,,LVXECXH895S9KQZJ,anrufen_stufe,+4920417094111,Diakonisches Werk Gladbeck-Bottrop-Dorsten eV Seniorenzentrum Käthe Braus
,,,,+4939718345300,
,,,,+49224197380,
MP9DFTL9WY6L7HHZ,,8WFU3ZDWJWPXHHMA,anrufen_stufe,+496636738490,Altenhilfe St. Elisabeth gGmbH
,,,,+492712389950,
7S5VJJ3PWUDFBCHR,,BF5YXH7DQ9MA3E4S,anrufen_stufe,+49834190310,Heinzelmann-Stift Seniorenheim Diakonieverein Kaufbeuren e.V.
,,,,+4989458320,
HKXU96EQHLDCZRAY,,TK49TAMQRCJKD9BP,anrufen_stufe,+492226850,Malteserstift Rheinbach
SNTF2GX7GGR8VDX5,,TE9EEL442N6BP9M3,anrufen_stufe,+49511525247,Senior-Bödeker-Stift
USBDHMX2FLYWXWPU,,RE3PFKR8RQ7JDLEF,anrufen_stufe,+4957725640,Ev. Stiftung Ludwig-Steil-Hof
2S7K8DFNF9TS9NE4,,TX8NUK7ZLV5Q3VYG,export_negative,+49233266390,Haus Maria Frieden gem. GmbH
ZS93CDXPX4NUYMZV,,HDNQTZMKQ7T232GP,export_negative,+4961234213,Ambulanter Pflegedienst Rheingau
7NQP7AA4F9BVAWD3,,XQ232FG25QVAL9AC,anrufen_stufe,+49349147250,Seniorenstift Georg Schleusner Pflegeeinrichtung
,,,,+4933124144083,
Q7TDXBF5SPJBA5G9,,PDPWZHCB9ESDU9UG,anrufen_stufe,+493305573436,"Alten- und Pflegeheim, Sozialstation"
X93GT8WGAXQJA5QQ,,LNVNGWU3ZUWVVT8P,export_negative,+4972539892878,Quellenhof Seniorenpflege GmbH & Co. KG
T4J4JAB7JXK5S37X,,GHKRXE783P3NCPZJ,anrufen_stufe,+4921426060,AWO Seniorenzentrum
ZXJT66Y6FE8S5S85,,MGT5WQ3CC7JA5S9Y,anrufen_stufe,+49495593439228,Ambulanter Pflegedienst Erika Pahl
,,,,+49892908300,
KN7EMCULJ4GG6PUG,,RA9LBNLKLZ6XSDJJ,anrufen_stufe,+499323874755,Altenbetreuungszentrum der Stadt Iphofen   09323 87470
NAB2KSB7MN8ZRZWX,,QK3WHK6QZY9MQNXK,anrufen_stufe,+49350150280,ASB Seniorenzentrum Am Schlossberg
,,,,+4941317410,
,,,,+49264557290,
UMJE8CZ9W2N4RBWR,,YERD2CZ6HPTUJTQA,anrufen_stufe,+4968679220,Seniorengalerie Moselpark
XR4E8L46HBTK2YV8,,REPAQA4AK5A8YLTB,anrufen_stufe,+49723149040,Seniorenzentrum Paul-Gerhardt Altenpflege
GNFUXMJTN42E5QWQ,,B2YKS5SBSGEPFZZM,anrufen_stufe,+492218708602,Bestattungshaus Korte
TAJ3RYBKUV5TZ44A,,L57JXCS46DKTCKNR,anrufen_stufe,+49711619260,"Lußhardtheim Altenpflegeheim, Kurzzeitpflege  07254 93340"
,,,,+4979548020,
FXULX9KFL23M5GST,,SZEJZ64ZBV76GH4K,anrufen_stufe,+4967518569963,Vergiss-Mein-Nicht
J8PXLY6F2FPXDRCG,,H7H3QMSRZ33JK8QT,anrufen_stufe,+4930130111801,Vivantes - Hauptstadtpflege
X4DJX5VYF95N4KWT,,QGQCT67J2RVHJHFG,anrufen_stufe,+492345165610,Stella Vitalis Seniorenzentrum
RSZ4DY5XS9L95Q9E,,FUYZHL25MGEPTV8P,anrufen_stufe,+4985549430,Seniorenwohnstätte Rosenium
,,,,+49213156680,
CBSW9ZZC6N7GEKDM,,Q7PNW4HQKGP64SWF,anrufen_stufe,+4936075660,Katholische Altenpflegeheime Eichsfeld gGmbH Haus St. Vinzenz und Vermittlung
,,,,+4940600094009,
,,,,+49286490203125,
QKWVDGWAZW4QESPZ,,ZB2CJFVSFRHHFHBC,anrufen_stufe,+49944497710,Magdalenum Seniorenpflegeheime GmbH Pflegeheim
K2YPGVPNSDGGRKX7,,ANURGRRDLK42PAER,anrufen_stufe,+496449245,Alten- und Pflegeheim Greifenthal GmbH
BP8U37FXJ8J48YDS,,H9SM4GB6XXKDTJ99,anrufen_stufe,+496544991042,Seniorenresidenz
V2V4HMTUGNQXVMM2,,WWE52HZBZ9E2Y8YG,anrufen_stufe,+49790494338100,Habila GmbH Wohnheim Haller Straße
,,,,+4938144012000,
,,,,+49495280900,
7TD4ULV9AB2A6WB5,,X5BWRDESJ7W6CKXB,anrufen_stufe,+4951328320,Ev. Alters- und Pflegeheim Rosemarie-Nieschlag-Haus
,,,,+49391563011,
JYQFF4CJZYKS9XLZ,,9DJTWLB6645Y2HV5,export_negative,+4971919033030,Haus Elim Alten- und Pflegeheim
RGEXAKJT6M8F6LDC,,GA8CW8J92VHB347U,export_negative,+492541894800,St.-Laurentius-Stift GmbH
J4DKXX8EX586SF8Z,,KC374FR7E7JK3GQ6,export_negative,+49763310060,Evangelische Stadtmission Freiburg e.V. Pflegeheim Haus Siloah
T7V9HPPFYRBJY9LY,,M52XFPJ8FS4XTE4N,anrufen_stufe,+4951951613,Eichenhof Altenheim
8UD9A9DECCDDMHN8,,WURM3JBW9ZBUZSYH,anrufen_stufe,+49525118740,Liboriushaus
NN4RZBR5NKV7DA3S,,NLUP5B8GF7N68V76,anrufen_stufe,+49230799360,Haus Volkermann
,,,,+493021210,
LVZLZ55FDJU9LDSE,,KC75EH83KUYZEQB7,anrufen_stufe,+49358368660,Diakonisches Werk Löbau-Zittau gGmbH Altenpflegeheim Bethlehemstift
N43QLEVZJ5VPUYXR,,8YU3T797W3E35LLE,anrufen_stufe,+49444197770,St. Hedwig-Stift gemeinnützige Alten- und Pflegeheim GmbH
UF4LWC9JC2DWW5AP,,74RV8THP6T7928PN,anrufen_stufe,+4981659056,Seniorenzentrum Neufahrn
38EMTXXLDX2VUQNT,,KRYZRJ96S8DLZ2TY,anrufen_stufe,+495121179220,Lambertinum Seniorenwohnanlage gGmbH Seniorenpflege
,,,,+49213152919600,
GV2UCSUQGXZYSNTL,,87QMENT8DXLEHA68,export_negative,+4971339910,Senioren-Zentrum Haus Edelberg Lauffen Senioreneinrichtung
,,,,+49622755059,
E46X4MZ7SZM2ANK5,,MDLPXWP59BYDH3XF,anrufen_stufe,+4947466024,Seniorenwohnpark GmbH
,,,,+4980221850,
,,,,+493032640,
,,,,+495112886920,
,,,,+49233110930,
,,,,+49573117520,
SR9TDZRP9CVGDTGE,,F3NW8WYLVTH9WC52,anrufen_stufe,+493085000350,Evangelisches Seniorenheim Albestraße gemeinnützige gGmbH
E5KV4SHSMG2EQLXW,,YHNZ4PYT4TTFYJ73,export_negative,+4925729490,Altenwohnheim Kastanienhof
WVD7Y36PYQVJKH59,,QZV7BD4U2FL4YFSQ,export_negative,+49707191760,Gemeindepflegehaus Härten Seniorenheim / Altenpflegeheim
ZKFU9XJJKEZMKMEQ,,LKZTTMWKMHK9A96E,export_negative,+49962492120,BRK Seniorenheim St. Jakobus
FQ23ETGBTCTYA5MP,,47XFNY3WCHWUWDEE,anrufen_stufe,+491626557227,Nova Viva GmbH Firma
CJCZ97WY5VLWPYTK,,MZ7MEYVT62HD3L22,anrufen_stufe,+493379401180,Seniorenresidenz Großziethen GmbH
,,,,+49644121030,
DWXU33PRX4TX3VL3,,JETAUR98ZGFB2R6X,anrufen_stufe,+4957439440,Haus Vier Eichen GmbH
,,,,+499251440104,
ULNUG54CBGK3B2AY,,CQZQ8PVL9H8RRWH4,export_negative,+492131795720,Vinzenz-Haus
WHRWPYENVMS34X93,,XRQ6KFMTKTQQ3E7T,anrufen_stufe,+49613196890,AWO Seniorezentrum Ursel-Distelhut
,,,,+4937601398152,
,,,,+496434930700,
,,,,+4921485120,
,,,,+491736619670,
MJUEA2JKKA2CTNB3,,GB5KEBPRRE86QRS3,anrufen_stufe,+4972467081708,Stephanus-Stift am Stadtgarten Seniorenheim
,,,,+4998197250,
L46N7M5HE6E8T7AB,,GYQMHX9QWEP4YZNG,anrufen_stufe,+493637436010,Pflegewohnpark Haus Weißensee GmbH & Co. KG
,,,,+494052980717,
8EZQY583U3HTFDS8,,THKQ8U8PKW8K572S,anrufen_stufe,+498171217329,Senioren- u. Pflegeheim
,,,,+4915158055437,
U852AFFCDJKT6SP3,,MQRRLNL4LH6HSMPH,export_negative,+493616441240,K & S Seniorenresidenz Erfurt
UG5N74SGUNFGDDYV,,PNGWQRAKL7N8DUD4,anrufen_stufe,+4941645257,Viebrocks Altenzentrum e.V.
NUCS9AGR2XVU9GRG,,T6DT9EUXMJ8BCKS8,anrufen_stufe,+495141710,Sophien-Stift
EXHCFKTPFM6R5L4E,,42DFFWRU8FDS9JA4,anrufen_stufe,+49461168300,Malteserstift Flensburg /Muerwik
,,,,+4921319168100,
LG32UWN6QEWESDHV,,2F9Q922QKJNVDQD6,anrufen_stufe,+4972648930,Alpenland Haus der Betreuung und Pflege Bad Rappenau
JZFHFGSXBJBZLKLD,,MS5M67F6YH665GXD,anrufen_stufe,+49462135532,Haus Sonnenschein
S3YTZXYK72P2E3HC,,Z6XLP5CLN4W6LH29,anrufen_stufe,+49655196550,St. Elisabeth Alten- und Pflegeheim Prüm
RXK6AYJXAPS28BRR,,HF8ECT982S2N7DFA,export_negative,+492025740000,CBT Wohnhaus Edith Stein Ralf Gartzweiler
,,,,+4983218040,
STLXLMFRLH6SH8PJ,,LW7WNESSPH59525R,anrufen_stufe,+4920432965117,Seniorenzentrum Vinzenzheim                         02043 295090
S5D3G5ASNMVTGMMR,,6Y6BXYGULEVXMB35,anrufen_stufe,+4954242940,Blomberg Klinik GmbH & Co. KG
7T2TMDXQH469WM53,,PP4J48ZQEAADUK8H,anrufen_stufe,+4990817081,Fürstin Wilhelmine Alten- und Pflegeheim-Stiftung
H47BRPQSSPHAP5S9,,BR54YH85HR4ZE5P8,anrufen_stufe,+4933128456,Evangelisches Seniorenzentr. Potsdam
,,,,+494618121444,
8HFY6TWSZ632B998,,LQ9698WAR6FZFP7L,anrufen_stufe,+497031416170,"Seniorenzentrum Haus Augustinus, Paul Wilhelm von Keppler-Stiftung"
,,,,+493585866425,
,,,,+493381213340,
QDLUFFMBZRKKAPS6,,HKUVBUKJTJVA5FY6,anrufen_stufe,+497202690,Kurfürstenbad Karlsbad
,,,,+495321685050,
,,,,+492219822571,
W6R4CKXN8LT6XZQ6,,UQDDJBXZCN9TT49B,anrufen_stufe,+49511676860,Domicil - Seniorenpflegeheim List GmbH
,,,,+4923245988213,
NPE7VSSL7FV23NH7,,RBR4JKM73XD6ARDJ,anrufen_stufe,+4991821622,Alten- und Pflegeheim Haus Mariacron GmbH
,,,,+492512021512,Hospiz Lüdenscheid
LX37ALL35XS7AYXZ,,TCPSQ6K3MRY43C4A,export_negative,+497821922090,Kursana Domizil Friesenheim - Haus Ignatius
TZY969QZ6Y28YRUT,,3NP8BQ8K6ZMWJCCL,anrufen_stufe,+49405226611,Pöhlshof Servicewohnungen
,,,,+49890896951,
,,,,+496253932493,
JB9CMYW5WJ2MPAX2,,DZH3BR36C2EJLHLT,export_negative,+49915292100,Senioren- u. Pflegezentrum Artelshofen
ELZS4TSAUPT3C63B,,E3ACW8L6CUN2ZEVC,anrufen_stufe,+49274295000,AZURIT Seniorenzentrum Birken
,,,,+4941545118,
ZRVLS22M2BTG4FNK,,MPAUZJ3V5G2RLRAC,export_negative,+497478935000,Seniorenwohnanlage Hirrlingen GbR u. KBF Betreutes Wohnen
,,,,+491736864649,
KWGF55DBJGL3JQFU,,CURWYGM7VVSTVNXQ,anrufen_stufe,+495803654,Alten- u. Pflegeheim Weißenhof GmbH
,,,,+492173856200,
TRLQGVFE3MVAMB5Y,,GGQEPYBJRTG879PR,anrufen_stufe,+492836911090,CURANUM Residenzen Niederrhein GmbH
,,,,+49401818863332,
ZFXKVABAJPZB2BK4,,WAMR7AATKX3D9ARW,anrufen_stufe,+493051592115,Verbund Lichtenberger Seniorenheime
,,,,+492811253,
Z3V34SUWANXDD73G,,2C4DLLZQ7VMUSZX3,anrufen_stufe,+49280291101,Seniorenresidenz Burg Winnenthal GmbH Altenpflegeheim
2F2B9VK46LJQJBDF,,HLPQZYLH4T96KU3G,export_negative,+49976139610,Juliusspital-Stiftung
,,,,+4920665080103,
,,,,+4963427578,
H87BC4Y8396MT7WY,,C3V2NXZCSEHUHNJS,export_negative,+497242701300,Diakonie im Landkreis Karlsruhe gGmbH Zentrum Rösselsbrünnle Pflegeheim
D94NDN3H765YXW2D,,A5P6WMEH39NVPHAF,anrufen_stufe,+4944089250,DRK Seniorenzentrum Hude
WG37F48NZDNV2CWB,,XJ2U8P2DSABG47T9,export_negative,+4925929770390,OLIA - Optimal leben im Alltag
LAW7L8WNHYQUQ5N6,,SVVSCYEJ2Q7YRA2X,anrufen_stufe,+4922463110,Seniorenheim Meigermühle
HXSMS4Q64K7VXCPJ,,WXZ6GZ3SWRKMYURG,anrufen_stufe,+493343953000,KATHARINENHOF Pflegewohnanlage
,,,,+49957195900,
,,,,+4922049680110,
ANTA34JFFFXDP6FP,,3T737DY28EQ3R5G6,export_negative,+4929329318338,Mit Freunden ins Alter e.V.
,,,,+49543994490,
P8DXM7A2HV4JE2PG,,SDZCKFKZ6JEKJQNN,anrufen_stufe,+4971345090,Pro Seniore Residenz Schöntaler Klosterhof
,,,,+4930430959300,
ENXL2NUQ5GYMX794,,H6YWUQLWZ79A8654,anrufen_stufe,+49337244391199,Johanniter-Seniorenzentrum Jüterbog
QL7P49WRZ6GTSWFJ,,3CE5TCWARHHVU3GT,anrufen_stufe,+4993818050,Bürgerspital
HFWVMRAUPACKR9BQ,,CKDHHZ4EN8NNG2U7,export_negative,+4923316220,BSH Betrieb für Sozialeinrichtungen Hagen gem. GmbH Seniorenzentrum
NUDLW2PEQJG6SU7Y,,JSSV48UNNSLF7JL5,anrufen_stufe,+4975312888108,Altenheim Talgarten             07531 288201
,,,,+4951116834020,
WUUS7D7G6MBZR2CJ,,475FQAD6KLS8Q89C,anrufen_stufe,+493941607747,Sternenhaus
VSQY26XCCM8D9AB7,,7ZBB2PVZJ6F7NCUP,anrufen_stufe,+49623272002,Am Adenauerpark
,,,,+4994219420,
TV2262N2SXEUGE5A,,8P9TUTPKCUPURTJJ,export_negative,+49613692222,Seniorenresidenz
SYZ54C5V7Z7FKTCJ,,AACML5YGJ4L9KXLW,anrufen_stufe,+49713161209,Pro Seniore Residenz Neckarpark
PDDN7DRPK6LJHJG2,,PBJY2X4XSXD2F6S7,anrufen_stufe,+49421840099,Orthopädie-Technik Martens GmbH
C7P25MP6HB4LEUUB,,K9KWQKQA3BK6M26V,anrufen_stufe,+4943718888417,E.ON Hanse Wärme GmbH HZ Seniorenresidenz Fehmarn
2SDYEMNTG7D5A259,,7QUMSVTCGRUW6RXF,anrufen_stufe,+49352415530,Pflegeheim Lommatzsch GmbH
VXDG9X8FMA2HVKJQ,,XFGTPGY8EEK6HFK8,export_negative,+4974542419,Katharinenstift
,,,,+493632782326,
LSJYDFEGVZNLHZBB,,ZKPTXJMKGKGYD356,anrufen_stufe,+4928239705110,Haus Am Heiligenweg Betreuungs- und Pflegezentrum
PQ3BDPSAFAQSMW74,,UV6U9M4NZYK2PLFC,export_negative,+492391609890,Matthias-Claudius-Haus
VUST2DT8EJVAJXVT,,2BQEP5JE98DCHKSV,anrufen_stufe,+4953615010,Diakonisches Werk Wolfsburg e.V.
,,,,+497191146300,
,,,,+49401818811731,
,,,,+49308609990,
ZGXT9TEPTDQD9684,,HM3CUXCWEXVEVA5T,export_negative,+4968416920,Pro Seniore Residenz
UETDFAECYFTSEN74,,56SVLTR3NJ2LUNGP,anrufen_stufe,+4980417946360,Alten- u. Pflegeheim Josefistift
,,,,+49401818862781,
6CCMFUJP9AYCSFB4,,AXNFL3J8PUVE8XNR,export_negative,+493617720,Deutschordens-Seniorenhaus
XFZDHW4KWGL3LTES,,VR6GLZ8VGVN4HAM9,anrufen_stufe,+495185957496,Seniorenwohnpark Duingen GmbH
ZYCL299VZQCAWC6F,,VDK84P9CKCN5LQT9,anrufen_stufe,+49592183420,"AWO Wohnen & Pflegen Weser-Ems, Altenwohnzentrum"
4KKD8YD5M7LGZH76,,LS4557HA8V5PPHVM,export_negative,+497977343,Alten- und Pflegeheim Haus Abendstern GmbH
RBNTUWZ57TM6A9YW,,AJWREBR6NJDFQ5WA,anrufen_stufe,+495032801020,Seniorenresidenz Wölper Ring GmbH Seniorenheim
K44NGC4LMZ7DUU6M,,JPJBMUVKP7ESSWM7,anrufen_stufe,+493871720148,Seniorenwohnanlage Sankt Martin der Caritas Mecklenburg e.V.
,,,,+49361201310,
9PM55R8QQMY8WEE9,,ALMKZ56UUYT5UDBE,anrufen_stufe,+492323364576700,Senioreneinrichtungen Widumer Höfe
GLVUFY6QK7B7TH92,,XT7Q5VXJ8V7HTC9V,export_negative,+49643159090,Seniorenwohnzentrum
,,,,+4933627390,
C5SKEYKC93KPB33B,,TX4RSN5T4BY4MNVT,export_negative,+492097031,Arbeiterwohlfahrt Bezirk Westl.Westfalen e.V.
KBB7KZ6KH63GJWJG,,FKYTJGVDWTJW36UW,anrufen_stufe,+4985319720,Bayerisches Rotes Kreuz
PLBAMJYLV7A6AD6C,,86QME9LRBLHMHWKB,anrufen_stufe,+4995140740,Seniorenzentrum Strullendorf                 09543 41910
HWA37BRVXSY6C4WD,,9K8L3FER9YZHT6PA,anrufen_stufe,+49773193430,Pflegeheim St. Verena
,,,,+495724952912,
,,,,+49606171213,
CQRUZZNEGF44WF9Z,,52VUCREF4WFWZLU6,anrufen_stufe,+49886171350,Seniorendomizil Haus Marie-Eberth
,,,,+498941129900,
,,,,+4938312787860,
,,,,+493928716978,
QPJQSJKHWCSKQLSG,,T46TPHXF85EUWYA9,anrufen_stufe,+4926899290,Seniorenzentrum
7RABRTBMU7ZDP2U3,,E5524JWWKW285XYC,anrufen_stufe,+492241921070,St.Franziskus Seniorenzentrum
J4K5P7LTBDGJJ6EH,,5DDYJE3HNSBJGG94,anrufen_stufe,+49254323812,Seniorenstift Baumberge GmbH
,,,,+495671882202,
,,,,+497618963100,
EJBYZJ7E354PZ6SB,,HUTUH8K3XQD6N5AT,anrufen_stufe,+493545188455,Heimleitung
,,,,+493606524310,
PT9WF85HSF7DM637,,CYY4JGAFBNY68Q7T,anrufen_stufe,+49510956990,Alten- u. Pflegeheim Bredenbeck
FEE22M67VTFSMFGU,,UABJCPYJ9Y9HNUXK,anrufen_stufe,+4930408010,Pro Seniore Krankenheim Eichborndamm
LNEEXVHHSRPZD4K3,,G9V5YA49QLY6NKVJ,anrufen_stufe,+49762239960,Columban Altenheim
,,,,+495908937112,
,,,,+495244903989,
,,,,+493581387522,
LQA8YYZPZG642MXY,,7RCW63Z35PRLETMG,anrufen_stufe,+49482195800,DRK-Schwesternschaft - Cläre-Schmidt-Senioren-Center Seniorenheim
,,,,+4967311001,
D46JRHUFLG37LGCK,,AMWR53799DDH9DXF,anrufen_stufe,+4961659408330,Landhaus am Weinberg Altenpflegeheim
,,,,+494535515120,
VYTDAGYYEP7FPHJX,,63BVHQ6SEBA9BXX7,export_negative,+4921511587968,Evangelische Altenhilfe GmbH
PRV9K4GJ3NU8DQQJ,,L9TYVZFHXXKAE4AB,anrufen_stufe,+499112350918,Service-Wohnen Nordheide GmbH
,,,,+4989452164127,
QQQNM77HFR3YYX9V,,EKHX965LXY57ULYA,anrufen_stufe,+49399328670,Psychiatrisches Pflegeheim
MQPNNGC8F2AVLX7Z,,PCELABZBSVTGBQU9,anrufen_stufe,+4936448210,Stiftung Carolinenheim Apolda
,,,,+4941925040,
LME2QVX3GZSESLGV,,ZBCN6HVZ2NLNCNLQ,export_negative,+49259538380,St. Vitus Stift GmbH Seniorenheim
,,,,+49233284600,
FSZLYH8LQH865QKT,,N4RDH3A6KXGC8UCK,anrufen_stufe,+497121909750,"Seniorenzentrum Gertrud Luckner, Paul Wilhelm von Keppler-Stiftung"
,,,,+495624924970,
,,,,+495313908104,
VA4EVJ7MDLMSY4C7,,PEKMPZFDNBXRBJA2,anrufen_stufe,+494038687242,ASH Haus Vitalis Lokstedt GmbH Altenheim
226PUBAJCC8LPAPV,,HNDKPC4L6CCZZSB5,export_negative,+49623493109,Pro Seniore Residenz Mutterstadt
E9YV399SU9HM8ASY,,HKPPK3W8VA2KQXHE,anrufen_stufe,+494171135002,Bethesda Alten- und Pflegeheim Altenheim
U3WTZWDDL4ZMJQTN,,Y957D6S69XKKA2WP,anrufen_stufe,+49683680000,ABZÃƒÅ“ Altenpflege u. Betreuungszentrum ÃƒÅ“berherrn GmbH
R2VH4JZ5Q96F6F4D,,3WD8SLXM59RLFKCX,anrufen_stufe,+49222599130,Seniorenhaus St. Josef
,,,,+4963141530,AWIT Systems GmbH   0631 41530
,,,,+4923128678350,
LD6DUXRDSVSGZRT4,,XZUZ7E2MBVAB3Z6Y,anrufen_stufe,+496718011501,Kreuznacher Diakonie - Wohnpark Sophie Scholl
,,,,+4989889220480,
GKWPYBSF6ZBLCRX8,,RL9KTVDMZYSDZ4QB,anrufen_stufe,+49829296060,Seniorenheim der Hospitalstiftung
X6DEDFX9ZC3GQ8P2,,K39SUC32T97CPD35,export_negative,+49619092620,Seniorenresidenz Hattersheim
CAHP22LE6UXDYFVB,,MJ8KHR7AFYQTUF34,anrufen_stufe,+49221993813100,Johanniter Stift Köln-Poll
DVB64SE5MSHERWAH,,L6YH325M82EN7EMC,anrufen_stufe,+4951216930,Christophorusstift e.V.
,,,,+4964249340,
P8554QGX2Y68UQJH,,F3SFUJRLH9EPUFHL,anrufen_stufe,+496391910120,Ãƒâ€“kumenische Wasgau-Sozialstation e.V.
,,,,+498988922560,
,,,,+4943428010,
M2MJL26C78RCTVU8,,28NVUXYPXP59KNR8,anrufen_stufe,+49412392666,Haus Edda Seniorenpension
GXE9A4HKQ368RUPH,,8Z9YKSG2NAAXRCDY,anrufen_stufe,+4923145080,Altenzentrum St. Ewaldi
TH76YLSXV92E4Z2J,,7WSWEQRB2VPNWLX6,export_aufzeichnungen,+4924175083300,Margarethe-Eichholz-Heim
,,,,+4923813045442,
ZGPUBWKMCK3BQY65,,CDQRK2E75W5F3Q47,anrufen_stufe,+4985839700,Rosenium Seniorenwohnstätte
VAVF3VY9E8KEDQLM,,T3WGECWHSN4EEG7X,export_negative,+49620794210,Pflegeteam Odenwald GmbH
GU9XRXDSUD5M6KKV,,LGVA59N9ZZ7VVJQY,export_negative,+49211924030,Rosenhof Seniorenwohnanlage
QSWNH52EALGW3MLT,,BT3C7GX6T3FTSAL8,anrufen_stufe,+494611441537,Stadtteilcafe
EQU9ZEQB2TLZSQ55,,MDBSRHZVT45YRLNP,anrufen_stufe,+492381871120,Altenheim/Seniorenzentrum St. Bonifabius  02381 871120
A5X55APYJPMSA8EE,,QD89T4EMM8WDZEL5,anrufen_stufe,+49865195610,SeniorenWohnen Kirchberg
82CST4FRM5U5FLJL,,M2ZBZRLE9FVM8X8M,anrufen_stufe,+4935284350,Alten- und Pflegeheim Radeberg
E6RMFDR8XMXK2TFN,,864HDV5ULGUA5H5A,anrufen_stufe,+492835446503,St. Antonius-Haus gGmbH
VZ2H2559WECYGKSR,,AGCUN6ZTB39UWLNR,export_negative,+496858313,Alten- und Pflegeheim
VQWKSCHQQFM4G9KJ,,359L2SVS76J595HQ,export_negative,+49772083060,AWO Seniorenzentrum Schwenningen
,,,,+4989356475100,
HVMPMXYMTZAADTQP,,JJN8YTH6C3MSZNRH,export_negative,+496196594350,St. Elisabeth
DTCPEPHE4VS4EKFG,,NWKN2BW5TWNLLHWU,anrufen_stufe,+49727595520,Willi-Hussong-Haus
,,,,+496573953210,
KZZ4QANFRC47688X,,AAK74HHMMJGSM5A8,anrufen_stufe,+49477780090,DRK-Seniorenheim Haus Am Dobrock
7Y3GK65CJZ3S8BT7,,U7NHGWF8MUTSSEUR,export_negative,+4924319490,Johanniter Seniorenstift Erkelenz
EK3YR3C8VFKTSTCL,,Y98Q8Q8A4TU46JDA,anrufen_stufe,+494562266161,Curata Seniorenresidenz
,,,,+495118114271,
S3BFFAB52TZ84D2Z,,VW4KDXX3YT384EMV,export_negative,+4961724090,Kurstift Bad Homburg gGmbH
UN3YCCTLHWDW29V2,,YCYHQFMQFDY48URF,anrufen_stufe,+4968769111,Seniorenzentrum St. Mattheis
HERVYUAZZHMRXPDK,,FN82TZ8UYX2LSGA6,anrufen_stufe,+49358355460,Alten-u.Pflegeh.in Zerbst GmbH& Co.BetriebsOHG
FPKZYWACWK5PKPFE,,46XM39EC8DKKJAN9,anrufen_stufe,+49277691560,Haus Waldesruh
U2LEKJK24Y4SSVQ9,,LKW96YSWXAQ32SFK,anrufen_stufe,+499112354191,Fachberatung für Kindertagesstätten
,,,,+495371722730,
,,,,+4971122903160,
J6CC6GW99NUNCUUF,,M7ZFLB3GGG8VNXQM,export_negative,+49603697550,Haus Ziegler GmbH
,,,,+493914082320,
Q5NCDBSJQ78XWPJ4,,PUAAJ3VP9JF5LATQ,anrufen_stufe,+493301677470,Pflegedienst Gehrmann GbR
TE577PYWKNXRM277,,KNWBLD5C69LZ3DZU,anrufen_stufe,+4923737510,Altenzentrum Schmallenbach-Haus
NJW4ZLAQS6KJP5D4,,FGV7VNLQNBXDZKZC,anrufen_stufe,+49973278860,Dr. Maria Probst Heim
,,,,+492063230900,
,,,,+49401818811711,
XN9JWHVLNNQTAKGU,,YA7J9HVFH9MTBEVB,anrufen_stufe,+49540189690,WH Care Georgsmarienhütte GmbH
,,,,+4936076993167,
QE7TQ5W6GM6M47US,,28XAEUBDR7GHCA8W,anrufen_stufe,+492823976700,Josefshaus-Haus für Senioren
,,,,+49538193760,
P34SY8DM7A2EME58,,ADWFBXK8332D87NZ,anrufen_stufe,+492051803130,Johanniterheim Velbert
,,,,+496172302050,
PMRABANQ7C54MPKT,,V2J45WAWHD34TWR4,anrufen_stufe,+49611990500,CMS Seniorenresidenz Am Kurpark
,,,,+4938362570,
,,,,+494661676345,Friesischer Wohnpark Seniorenheim  04661 676345
WSNAZGPMNATW4944,,VQY8UZ9MCEMWCYYM,anrufen_stufe,+49394156460,Paritätischer Wohlfahrtsverband Senioren-Service-Zentrum Haus Pawlow
J5D3MVYR5JG3TXFR,,B9S89A2HAHFV4AVL,anrufen_stufe,+4941238082664,Seniorenwohnanlage -Torhaus-
,,,,+4975469399102,
4JLQYLYNX5R4TW2U,,X9M7XDAD597S2BB2,export_negative,+49216537620,Senioren-Park carpe diem Jüchen Seniorenheim
,,,,+495258940894,
,,,,+4961514090100,
,,,,+492217775,
BLQDVZLR7PYD24EA,,EFJU64SE8KZ3ZWXL,anrufen_stufe,+495681936060,AWO Altenzentrum
RWSZ4CQ5JN6GMASD,,PCKZ78GTTCDPCD5D,export_negative,+496227358390,Caritas-Seniorenzentrum
UP69HWXQCDYDVALA,,YL2UGUU6NA78CF5B,anrufen_stufe,+495223493080,Seniorenezentrum Kichlengern
,,,,+49511367361001,
WMV4QMBLN2KW34PN,,YXSAFT4BQ2TNVZW4,anrufen_stufe,+499421847100,Bürgerheim
MDBHA53N5LQY5ZRB,,VXY8P3W95VDJJGZ9,export_negative,+4922049290,Kursana Residenz Refrath Betreutes Wohnen für Senioren
KEMS6G82C7JP7RCD,,A9Q6WK4EKCQTUUF4,export_negative,+492535953350,Josefs-Haus St.
Y4MW8K3FYS2KMAPC,,74JLB72NWTUEFAVN,anrufen_stufe,+493593527060,Dora-Schmitt-Haus Evangelische Brüder-Unität
K7Z95RJS2W27EJSC,,745W3Y5TNA54MHP4,anrufen_stufe,+49513684813,Senioren-Landhaus Kirchhorst
,,,,+498363693500,
,,,,+4980516952060,
,,,,+496150170300,
3PR9JFW62C4JJQUD,,5Z3TMJHH5A7TQP55,anrufen_stufe,+492303256940,St. Bonifatius Wohn- und Pflegeheim
,,,,+494050771903,
,,,,+498912180,
BNCT7GNH4SUYQXQ4,,MXN8BEWLZZ5XNLMG,anrufen_stufe,+49229391380,Alten- u. Pflegeheim Engelsstift
JFAYNT96TCH54TBF,,FC8PHBHEDRW38LGV,export_aufzeichnungen,+49622175690,Senioren-Zentrum Haus Edelberg Eppelheim Senioreneinrichtung
,,,,+4951136710,
,,,,+4941038031326,
R2V8D5G5A2CMGFZR,,8YN82CGE9FLBFSFX,anrufen_stufe,+49238291450,Hugo-Stoffers-Zentrum
NXTN79TDRLYYECQT,,6G89QZC4S3DZN3AW,anrufen_stufe,+49514797500,DSG Deutsche Seniorenstift
7XTASN3TCERCRD9U,,X2JLPXTQ6E89GDBP,anrufen_stufe,+49776492030,Seniorenstift Sonnenrain
LLAUZG4TGZXYQAZ8,,UQPKBZQ4SMYF7XHW,export_negative,+493684840590,Ev. Altenhilfezentrum Haus Werragarten
,,,,+498954714125,
,,,,+49504194660,
SFR327EYZ2K2G2H6,,QTB9EJ3HRJ3SSTEW,anrufen_stufe,+49846517200,RENAFAN OMNICARE gGmbH
T4WQZYJ4KTUP48XT,,6WWFYK4NMM755EEL,export_negative,+49612090270,DRK Seniorenzentrum Aarbergen
,,,,+4991815229022,
,,,,+4933752880,
,,,,+49401818821831,
9777JSCCWW672XRM,,TYQAPURAJDZ565AT,export_negative,+49633155620,AWO Seniorenhaus
T4Q7VZGV7FXX3WPE,,7MRZ86Y28SC5MEMM,anrufen_stufe,+496441448850,Seniorenresidenz Philosophenweg GmbH
7Y7X7TW3NFKR5UX2,,BK9RTV6J2WP3WGTE,anrufen_stufe,+49362858500,Seniorenwohnpark Dorotheental AG
,,,,+494044190101,
DB9K9LAX5LTQ8CCL,,27KR2EQBEQCXLXKS,anrufen_stufe,+4921028516351,St. Marien Krankenhaus
,,,,+49456171090,
,,,,+494315000,
RW96MXV8BCCDPPBC,,R4TZ9AAG3G5C3SF4,anrufen_stufe,+49755499840,Vogel Heinz Pflegedienst
8ZWEL495LLUBLN7U,,R8SA7FQXQ3Y3QVQC,export_negative,+4923849300,Wohnpark Klostergarten GmbH
,,,,+4917634255284,
BXXWBEDEC8JDF44Y,,CESKCL7L8B3PCSGN,anrufen_stufe,+493092790600,Bischof-Ketteler-Haus Seniorenpflegeheim
7B8PYSFTQT3DNQ3J,,784NZEWFEEEM8CEN,export_negative,+49203453311,Amalie Sieveking Gesellschaft Duisburg
DK6AL79UV4ABQUNE,,XK4H6U8MZGF8KP2M,export_negative,+49634494660,Römergarten Senioren-Residenzen GmbH
XRUZEX2WPFFPT3TK,,PHDWYGKKX6R8X3GN,anrufen_stufe,+493512076060,Seniorenheim Am alten Elbarm
,,,,+4961209027150,
C37FP27K485Y6PKN,,THV3EPDFMY8GPKPH,anrufen_stufe,+492654964190,St. Stephanus Seniorenzentrum
,,,,+49761275795,
,,,,+496322794250,
,,,,+4917641519630,
,,,,+492089413039,
JCCWCBGDM7R63RQP,,B29MUNQTVDYFYUA6,anrufen_stufe,+4952657370,Elisenstift
KUFH8PVPPG67GDEX,,4N9WYANLTPGPMWC5,anrufen_stufe,+4923133490,Seniorenhaus Hausemannstift Dortmund-Mengede
93AZAULN5CR53M36,,KAZWY44B9ZE5UG9C,anrufen_stufe,+4960687599500,Seniorenresidenz Henneböhl
,,,,+4915140234907,
GRA96QDSZLG52HPY,,UJUJ6LHZ3KDJSLQC,anrufen_stufe,+4994239110,Seniorenwohn- & Pflegeheim
EKU2QV38P4MXYL3Q,,QBWGVEZC3F36P8RR,anrufen_stufe,+49581971200,Wichern-Haus Uelzen gGmbH
,,,,+49514398100,
,,,,+496181428700,
,,,,+49394951090,
UC4WXWP6CE6RC53D,,4XC33K2ZD4GPPLQ3,anrufen_stufe,+49575196770,Seniorenheim Rinteln
,,,,+4952194239412,
7P3KJ2YXHRRWF5BZ,,MV7BG2J5SZPYGB9K,anrufen_stufe,+49405357050,"Das Haus im Park gGmbH, Seniorenheim der Stadt Norderstedt"
,,,,+4943188904240,
PCY82KGCHFVZBHEU,,MNNWFE965W9L9TR9,anrufen_stufe,+49726194140,Katharinenstift
3ZE7V9JDHW6SLG69,,2A2FE2WHMRSHB9EB,export_negative,+4976531682,Wahl Dr. Haus Dorothee
J823PQ4N4FGSEQK3,,S8WU7K8XV8T8Q35H,anrufen_stufe,+49623194035500,Maximilian-Stift  06237 4060
PJGMMJCBWLMUZKWV,,FDJ3NSAPWMCDS794,export_negative,+49912218890,NOVITA Seniorenzentrum Schwabach GmbH
86CGHQJ6E2GYK2LQ,,VHNAQ5HDKGKEJDA8,export_negative,+496113417050,Haus Elisabeth
MM2R7U24CSKXJRQ2,,UMRSWMHJFHG85P5M,anrufen_stufe,+496151999104,Caritasheim St. Elisabeth            06251 10800
YWC4AFRC2FBYYBGZ,,35PDJLM2C6XL8GZY,anrufen_stufe,+49235550160,Seniorenpark Reeswinkel GmbH & Co
,,,,+4983822762050,
T374PEET2C7593KN,,7ZA7VVEJ2ZGJ6KQ8,anrufen_stufe,+493852010100,Pflegeheim Wohnpark Zippendorf GmbH Pflegeheim mit Kurzzeitpflege
8M4KH4VFX6LS34R2,,WR59ZPJ6EQ72HT7H,anrufen_stufe,+49621445040,Curata Sionorenwohnzentrum Albert-Schweitzer Mannheim GmbH Senioren- und Pflegeheim
FAMD7T924HXTBTTM,,XDKB43QFU339XEDV,export_negative,+4965979720,Haus Kylltalblick
,,,,+4961739987447,
PXAPTX97463KLTZB,,GAKTS7J23XSYJKLC,anrufen_stufe,+49632294290,Amb. Hilfs und Pflegedienst
KZ43KVLQ9DJGPVJK,,4BAEH23GDTLDA6PF,anrufen_stufe,+4951177090,Altenzentrum Anna Schlautmann Stift
AHZ3KY9QAY6E28V4,,DCNDNN6UGDQY6CQS,anrufen_stufe,+492832986600,Katharinen Haus
SQSBZQT63VDUWENE,,YV9ARJRZDQEBK8N7,anrufen_stufe,+49420297590,Badener Berg Altenwohn- und Pflegeheim Altenpflege Ergotherapie Kurzzeitpflege
,,,,+495534910980,
ZSR8PL33DF73MX95,,RPNC8CFVCY4EFZZZ,export_negative,+49547294280,Haus am Wiehengebirge
SGXEZHBC3BLS43ZT,,QH5NRUCZF33X2VME,anrufen_stufe,+4951152400,Wohnstift Birkenhof
HYZA89VL7PLTGDWW,,8WPMX7WKYG2LP49D,anrufen_stufe,+4935128567197,Senioren-Park carpe diem
JCD43RTZHEF3XJT2,,S3NTARGTWZ9ZFCP3,anrufen_stufe,+4956318289,Seniorenheimat Langeleben
Y5NV9FR2RJY6F63Q,,87X7NCTXT9MA9W34,export_negative,+497814750,Paul Gerhardt Werk e.V. Seniorenheim
924HXTQ66K99XEEP,,WWBFUYLQY5BAPWXC,anrufen_stufe,+4961501320,Altenheim St. Ludwig
N79MX9HH76G32QQH,,6CDNYGCQHVJCRMHL,anrufen_stufe,+49406068940,Gast- und Krankenhaus Alten- und Pflegeheim
,,,,+491708768805,
,,,,+495114998110,
,,,,+41449051141,
,,,,+49238992500,
,,,,+4923519854610,
,,,,+493321421260,
GXDGJCL3RRNUWEK5,,CKY3JJJGTLGY2MXR,anrufen_stufe,+4951126095400,Hahne Tagespflege | Hannover-List
,,,,+49251530090,
PH4MPHJNUZ57J5X7,,WZHANRX86225CYCP,anrufen_stufe,+4937632086,Diakoniewerk Westsachsen gGmbH Kindertagesstätte Regenbogen
9ALM9LENSVYHKDXA,,TP55S6RPTT7YLLBB,anrufen_stufe,+4952522090,Evangelisches Martinstift
DU8AMDQYBBVKM3FQ,,N5HLKR43BE8M8GKS,anrufen_stufe,+49451799230,Caritas Alten- und Pflegeheim Haus Simeon
,,,,+493922197721,
,,,,+4927725040,
,,,,+4954399484402,
,,,,+4939718340,
GU33ZQTRBV5C6CVC,,44BEP9JT3YDMBBAY,anrufen_stufe,+497764933530,Seniorenheim Mühle
,,,,+49511270400,
SHFCC48R9QEKG28X,,36EQBL3TPLX5CFDH,anrufen_stufe,+4922456060,Haus Marienfeld Pflegeheim Marienfeld GmbH
,,,,+4956579195442,
NUEHWHBD66GC3VLL,,SMR5NWQEFCXFAWYY,anrufen_stufe,+4930740030,AlexA Seniorenresidenz Lichtenrade
88G5R4F9VZPSNT4Q,,JRW6SZ2KD6L3W5AG,anrufen_stufe,+4954439910,ATV Seniorenresidenz Lemförde
,,,,+4983818960,
PDHR3E3Q8RWBZTHK,,HLZFHURDXX266UZM,anrufen_stufe,+497934995800,Lene-Hofmann-Haus
FUN5496UKAE7S7ZS,,SYNPRHRGV68N8PJF,anrufen_stufe,+4937527250,ASB Seniorenpflegeheim Willy Stabenau
,,,,+492381972130,
,,,,+494941942006,
,,,,+496404696103,
,,,,+492114787200,
N49VDNMZUQTRW9CT,,T53T9XP7Y27EYK3P,anrufen_stufe,+4977189868322,Wohnpflegezentrum Donauresidenz UG (haftungsbeschränkt)             0771 89868321
XV7H9RQKPUMM4NPK,,75EFYQH9B8P8DNJW,anrufen_stufe,+49838298960,Seniorenheim Hege
,,,,+498141990,
HHTRGT4PXWZWQ47Y,,MEP92KEWCUNUCBGW,anrufen_stufe,+4922412360,CBT Wohnhaus St. Monika
,,,,+493904475416,
K46KPZD2ARDQXMNQ,,PXF9WYSQT7N45GM7,anrufen_stufe,+49435499670,Senioren- u. Pflegeheim Schröder
,,,,+49814136342346,
AEEX6Y2YXZA4FQTW,,3Z64NFSFG82VCZ4Y,anrufen_stufe,+492173106200,HEWAG Seniorenstift Langenfeld
L7CKLLZDDBAHNZT7,,YR4ZJ35CBLV6563S,anrufen_stufe,+49723192990,Atrium
FRBKRX7AKPNVUNKS,,HXKRGJPUPCRSMXYW,anrufen_stufe,+4950845454,Jäger
SLUWGEZPM8LF846K,,9AUEERN28PQCMX83,anrufen_stufe,+4977636072,Altenpflegeheim St. Vinzentiushaus
M56W7LX6UWC3FP6M,,6HJ4NDB8WT5C6UGU,anrufen_stufe,+492118774990,St. Antonius Altenheim GmbH
XAF6WY7YJ6KJZT5M,,MFCCSCD5GJZ3NB29,anrufen_stufe,+49921757630,RDA Alten- und Pflegeheim Mühlhofer Stift
,,,,+4951195467311,
5TQLWU8X5PLEBRS8,,TRZBVAHN5CUZCCKK,export_aufzeichnungen,+4971116403,Haus Morgenstern e.V.Altenpflege
,,,,+4922429300,
YCA26X7HMZVTKAS5,,2QU78HTMA38JAD34,anrufen_stufe,+49382934290,Rostocker Heimstiftung
,,,,+4952132989887,
,,,,+494030700890,
T3DTDR75RQTE937J,,FF8HKJ6TL4277DXL,export_negative,+498321805070,Allgäupflege gGmbH Seniorenresidenz Blaichach
,,,,+49271317501,
D8E3K3WBB56TSMUY,,G7VRCHE77JG3ZM3S,anrufen_stufe,+49812299970,HEILIGGEIST-STIFT ERDING
,,,,+492289541112,
,,,,+4951152952220,
PZCMCBDFUW9SBC84,,Q2XQAUEY5JDML9GL,anrufen_stufe,+49722598190,Kursana Domizil Gaggenau - Haus Franziskus
N9RFYB7EM6Y4M8KZ,,A5W527LQPEFA4MVV,anrufen_stufe,+4976128230,St. Carolushaus Pflegeheim
,,,,+4915253441091,
GU95F4XA5B2K2HZ4,,9YCKKYKT9LPKMNBU,anrufen_stufe,+4933035200,ASB Seniorenpflegeheim
8P7NZB64FUVQLTK2,,9UWA3C9UTAM3N7KU,anrufen_stufe,+49262595170,Alten- u. Pflegeheim St. Martin CTT Trier e.V.
XPGV9MHKZC65WWE3,,P53MALB3CH9ZNBJ7,anrufen_stufe,+497191367940,Alexander-Stift GmbH Seniorenheim Allmersbach Seniorenhilfe
,,,,+49507277370,
HGPFLNKKDLSNP64K,,3APAARS4ZUDWXEVD,export_negative,+49226192850,Haus Aggertal Hans Werner Eich GmbH & Co. KG
2M2MDTHRAHEGHP34,,VUXFJVZH74JMMXE2,export_negative,+492721942360,St. Franziskus
BM6GPYG8435TQ8EA,,B48VECKDM43TL77Y,anrufen_stufe,+4936912918331,Pflegebereich 2
,,,,+498419339100,
RNRC5GY9CSAY34JW,,TZFBWHGFUJ9THHNC,anrufen_stufe,+492474476,Seniorenresidenz Schröteler-Rommerskirchen
8QK3STUPETST4RNU,,BXJQSPX4EBMFR68S,anrufen_stufe,+498141363800,Evang. Pflegezentrum Eichenau
,,,,+49521922320,
C9K3R2ABQ4Y9RZJ3,,T3L2ZFEVY4LV3CH2,anrufen_stufe,+4958223043,Alten- u. Pflegeheim Rosengarten
4WTBKX6EUNJP4A95,,TY5JCK7CMZKBXJWC,export_negative,+49251520020,Friedrichsburg
C95V68FPFAC2MZA6,,7GM27X7HZYQRWGPG,export_negative,+4923511860,Johanniter-Stift Oeneking
V4X9UP6MSV7YZRAD,,XLE9DBC2B5928FHQ,anrufen_stufe,+49544690256115,Seniorenzentrum Rehden gemeinnützige GmbH   05446 90256110
,,,,+4952749810,
QZBS4XZDY8JX54MQ,,C4529MP7GSD2HS34,anrufen_stufe,+4968159590610,Delfin Pflegedienst GmbH
WZ5MY9W4PV4Z85WN,,VEMTDUY7MJBE9FWG,anrufen_stufe,+4956817780,Senioren Residenz Papillon
N49D8PXVG4PEMDJ4,,A4S929P9CVAAEPK2,anrufen_stufe,+4953729590,Seniorenzentrum Meinersen GmbH
HXNX5X5RDMJ7YG67,,4XEXSLBG6AQPPH3R,anrufen_stufe,+49260393910,Caritas-Altenzentrum St. Josefsheim
J76Z6LS8NM7B2YYZ,,49QZPCHUVPQNTABA,export_negative,+492334924349,Altentagesstätte
,,,,+498056806,
X9G6J2Y9DBBGCVX8,,ZR8USLPQC594C8N3,anrufen_stufe,+49414281160,Bergfried Seniorenheim
6QCQBZ6F4GNGWVR7,,K6SX67PS5JJLB8E9,anrufen_stufe,+49534184860,Alten- u. Pflegeheim Willig GmbH
RXKT86ZTM2ZUW6AT,,6EJF68VWL7RZU3BA,export_negative,+497161503080,ASB Seniorenzentrum Hohenstaufen
SSETH5K8NEUM6CC5,,RZ7YKQKDQWYRLPNX,export_negative,+49542294620,Altenheim DRK Hardach-Stift Altenheim + Kurzzeitpflege
,,,,+496331522175,
,,,,+49221709940,
QS8NUYNNVEUPD74R,,YLSQA8RLGWKKRJKS,anrufen_stufe,+4924141355700,Seniorenzentrum Rothe Erde (SKM)
U7WFHBVF5CPABTR6,,9LGFG67YHMPU8PXC,export_negative,+497644922400,Sozialpsychiatrisches Fachpflegeheim
N4B2XBSZ7R26Q8US,,SG2LX6KQ46KZY276,export_negative,+49721597240,Senioren u. Pflegeheim Schmitz Gemeinnützige GmbH
UCXN3EM6GTYEFP4Y,,X89FTUXSXHY94W35,anrufen_stufe,+4953255910,Alten- u. Pflegeheim Seniorenresidenz Waldschlößchen GmbH
,,,,+498972760,
AG4DJ3KXTW9N95W8,,F9LVE4B2NEPXXUHZ,anrufen_stufe,+49711636760,Evangelische Heimstiftung GmbH Zentrale
,,,,+492091580638,
UZLZZKWF9K4NCBQV,,TNTWD5NX3YD3JTJZ,anrufen_stufe,+49266499570,Becher Villa Sonnenmond
,,,,+4965279342310,
,,,,+495512098150,
,,,,+492218690094,
,,,,+4944519202207,
6ADXPDEU8QLELC2M,,BLTUCK347TE437WV,anrufen_stufe,+499518604512,Caritas-Alten- u. Pflegeheim St. Walburga
9JPRBCR7FN8NAB2Y,,5TQ2M5R7ECPXSEXW,anrufen_stufe,+49333438500,Altenpflegeheim Auf dem Drachenkopf Seniorenheim
G2SDYWXG32G4LYNU,,XY3CXSW27PCHKGZX,anrufen_stufe,+49986898930,Elisenstift
886BKXSNQSU5RG6V,,YRNA4S8ANYA4GHPR,export_negative,+496953093109,Ambulanter Pflegedienst Melissa
,,,,+4921131112155,
,,,,+49695092847,
,,,,+4943224209,
,,,,+496405827150,
,,,,+4951189890,
,,,,+496691182088,
,,,,+491636963742,
,,,,+4975518060,
EZQWAYLHSVJA6WH4,,3YZVDQAMCJESTH8A,anrufen_stufe,+493763606300,Städtische Altenheim Glauchau gGmbH
,,,,+498933040302,
,,,,+4933284340810,
,,,,+494055882535,
,,,,+496151999650,
,,,,+493521408911,
,,,,+49511983990,
W5YE53P8UKV9U6FX,,4B8AHD2GP9AL8B5H,export_negative,+4960323010,KWA Parkstift Aeskulap
TMY46MGLGE2MH28C,,XW6X45PFGMNGCFPV,export_aufzeichnungen,+4960622217,Seniorenhaus Odenwald GmbH
,,,,+496946998103,
Z3WVYELGTC7YFSDX,,GJCMZDYSUSTUKLYT,anrufen_stufe,+49376378020,Diakoniewerk Westsachsen gGmbH Werkstatt für angepasste Arbeit Lebensbrücke
S4WF29FCWZRKR2UH,,AYFTZ2D9JZS5NF4C,anrufen_stufe,+49932497470,Hornsche Spitalstiftung
,,,,+4945518020,
BDDSXRP9WFL4G3WX,,ABZ7SFT72KN99BWV,anrufen_stufe,+49606294290,Mooren
,,,,+49218147550,
,,,,+49911933610,Alten- u. Pflegeheim An den Pegnitzauen
VWQ9MWETXSK6WBXW,,UGNLJHWLGWT56A8D,anrufen_stufe,+4960529286161,Prasch Barbara
Y7UCSMWBCJMMNDK6,,9UDA9HV2LHVH328A,anrufen_stufe,+49766391497822,Seniorenpflegeheim Bötzingen
7UEX6UY44CCBL4TR,,454MFH6BWVZAFJER,anrufen_stufe,+49802499770,Caritas St. Anna Haus
K8BWXEXEMJ7PHB7J,,CQBS47V2PZPUUT7P,anrufen_stufe,+4937322522526,AW Senioren- und Krankenpflege Striegistal GmbH
HFWWYUHN9BBEEGQB,,4WRL8XW8VVJJ6DPJ,anrufen_stufe,+49392148440,Stadtblick Seniorenheim Häusliche Alten- u. Krankenpflege Friedel Kuchel
B48A3LY53N26WS5E,,XWWC8VXHHHP4VYAP,anrufen_stufe,+4922747070,"Caritasverband für den Rhein-Erft-Kreis e.V.,Alten-und Pflegeheim St.Martinus"
,,,,+494181130,
,,,,+49401818813401,
,,,,+49805168200000,
W6PNTGEAR2KMSQFB,,UWENWYEDBZBVJZN2,anrufen_stufe,+49826176160,Caritas Seniorenzentrum St. Georg
8VXF4BMP52S7FHHP,,FSZ2L36PUQNBGWQB,anrufen_stufe,+498380983970,Seniorenresidenz Im Gutshof Walz
,,,,+493081020,
,,,,+495031912044,
933NXUY8637YEMN7,,52VVEA9BYDNX3SPM,export_negative,+49263134450,Haus am Distelfeld Neuwied
45GZ5SSDUBUYMMVB,,KJTEZAVZ8SAKU269,export_negative,+49949395000,Altenheim St. Hedwig
,,,,+496032301951,
,,,,+492018969819,
,,,,+492238941100,
,,,,+49401818862981,
MA2T2RFDQ5MFQEUP,,4GNEFQ7AFV5MKMBT,anrufen_stufe,+49206497050,HEWAG Seniorenstift Duisburg-Hamborn
,,,,+498092330920,
,,,,+49403178520,
,,,,+4941528838010,
MPYRSK4YVKD39M9K,,V8FC3X6X4XAPCEKQ,anrufen_stufe,+49616493100,Sonnenberg
XZRRW29PD92RKYZG,,W6W7TYZ3SV8YWP9A,export_negative,+4977416869765,AWO-Seniorenwohnen
MX5NJDVKWRUYTPFR,,MCWCUFX2ZBF2UE9F,anrufen_stufe,+49611588384,Haus der Altenpflege Rotes Kreuz Schwesternschaft Oranien e.V.
XG77QTZ3ACAMWGXA,,YYG228WB2GKW9ZWL,anrufen_stufe,+49506390860,Alten- u. Pflegeheim Willig OHG Haus am Kurpark
XEKPRBWY3B9AHFEX,,FYYH4XPMPC4UZH3Y,export_negative,+493692382230,ASB Altenpflegeheim Haus
LYFRTFPQGHCHAP95,,FRDS2TE5XHMWTMJU,anrufen_stufe,+49522587280,Life Care GmbH & Co. KG Seniorenresidenz Lenzighausen Seniorenheim
8T484ZGSQBEG34HR,,MVW27S56WHVCPACU,export_negative,+4936167560,AWO AJS gGmbH Seniorenpflegeheim
U2G8Z2VV5GPQS99G,,JG96AWS8XWNNU8L4,anrufen_stufe,+4952474498,Heidehaus Pflegeheim
,,,,+4951128009170,
,,,,+49375440500,
,,,,+4989440055532,
,,,,+49943320446111,
DGS9F473NFX2FZ7B,,GKM737RH8KK6D2UH,anrufen_stufe,+493088626860,Am Schwanenteich  034345 52400
,,,,+49892444220,
7TUJ9FYGZWZLTW6H,,N3ARYGNFWTFGMYZ4,anrufen_stufe,+4991313095,Diakoneo KdöR Bodelschwingh-Haus
,,,,+4952419617035,
6WJX9HCDM5H6CAQ6,,6J5H4F2QVGM5X7AS,anrufen_stufe,+4930456050,Vitanas Senioren Centrum St. Anna
G26SK6ZDFCNN22L8,,WJG9NSLFCD4L42FC,anrufen_stufe,+495137826600,Arbeiterwohlfahrt AWO Wohnen & Pflegen gGmbH Seniorenzentrum Alter Krug
WG8T55E8F8V7R2XY,,EJE3AWWJBQL4RLQE,anrufen_stufe,+49803136960,Caritas-Altenheim St. Martin
,,,,+4923275447264,
893YQQEDLPVPDDG7,,G2YFGXM5B9S2QMAM,anrufen_stufe,+493670230600,Arbeiterwohlfahrt Sonneberg/Neuhaus gGmbH
,,,,+49401818828344,
UFNC7TXRHPVE4MTD,,9GY7QY6TG4VFM22U,export_negative,+49228910270,Seniorenhaus Maria Einsiedeln
,,,,+493355484721,
SBPXLSHZNAGH4QQ7,,67MMXHQ6UQ23RXF6,anrufen_stufe,+4933613710,Altenpflegeheim des DRK Altenpflegeheim
WVZWJGT2FCYQGLQ3,,WY4TDSD96K4A3GHA,anrufen_stufe,+4917664793633,Seniorenwerk Sonnenhof gGmbH Pflegeheim Asternhof
MZ35DFC7ZETJ6GGC,,F3NFK27YEFE3VLRR,anrufen_stufe,+49867199480,BRK-Seniorenhaus
ZYQ8UHJHEL5CJC3K,,9PCFVE6M6KW8HWRU,anrufen_stufe,+499942947000,Elisabethenheim
,,,,+495222365101,
PVTLXJVYLLDQHURP,,68T3J3P8NMZV2BJK,anrufen_stufe,+494080097777,"Haus Flottbek-Nienstedten, Seniorenheim"
9SH96PCBQN8FC75S,,TJLKLZQSCUDB2S35,anrufen_stufe,+495493290,Haus Bergquell GmbH
,,,,+49496391610,
,,,,+493381780,
2SCZCM9MBUNSS8LS,,DRCHV5UR3EXWXSZN,export_aufzeichnungen,+497214809910,Seniorenzentrum Kirchfeld
4TUU2PSN3QG7NMWD,,MNFMYQJENMJJSXFC,export_negative,+4976136850,Wohnstift Freiburg
P4A2GUHME25FVE5H,,LBDWPBLXC3NHNWQC,anrufen_stufe,+49303839580,Seniorenpflege Birkholz
63WHZ6RDKDZ2DNB9,,TGZ6ZA4HQDB585EK,export_negative,+497123966730,Seniorenzentrum Erms
FP86S3VR6ZRXAH4H,,XMHWFJLH5U3XLU4V,anrufen_stufe,+49680999710,Cura-Med GmbH
,,,,+4915259109326,
JUSHWEP7NNKUMADP,,DHQ2FAXZAAAYSSUD,anrufen_stufe,+4935141710,Senioren-Wohnpark Dresden
8QKRFBUSZ59PJFWX,,F3R6RSUFJ84XQZWQ,anrufen_stufe,+49511820770,Seniorenzentrum DoreaFamilie
,,,,+4933841930,
MSX4NKU5ASSNLMVU,,ZNYA7K2DBTXG7N7T,anrufen_stufe,+49528198140,Johanniter-Stift Lügde
P6YHWP2PTN8WAA5H,,LRSCVNQ95YU3ZSDX,anrufen_stufe,+49246490860,Gut Köttenich U. Schmidt GmbH
AW2TBRFQK7RY5CVC,,CZG8T3NH29U8WNLJ,anrufen_stufe,+4975829320760,Marienheim Altenheimat Eichenau GmbH
EAEF5MWPEYSZU45C,,R6EJJQ3CYJESPY79,export_negative,+49622695070,Haus Waldblick Alten und Pflegeheim
US2D49RN9V5SQBBZ,,BJHM6VLB2A5WBRUZ,anrufen_stufe,+49511624442,Dana
,,,,+492771303751,
YFSZK4JGYKZVHJW8,,ACFSTRQRUUU5ZQ4M,anrufen_stufe,+49503797060,Psychiatrisches Wohn- und Pflegeheim Sonnenburg
8TW9SMJV2PJXPQRQ,,3LM3AEVUKDW4B5TY,anrufen_stufe,+49369371400,AWO Seniorenzentrum
4KF4HGUVYEC9NSXS,,VK3BH9BW9UGJB62K,anrufen_stufe,+497851935913,Dr. Friedrich-Geroldt-Haus Altenpflegeheim
,,,,+498071710,
,,,,+494624801898,
,,,,+493928716299,
94H6K6YQUUL69TVL,,WGBVZ9DVBR46BJ4V,anrufen_stufe,+4922127770,PHÃƒâ€“NIX-Seniorenzentrum Weidenpesch GmbH
,,,,+49410393350,
,,,,+49804180860,
F7JALBW8WG7MC4B6,,S9EKAAM8277VCDQQ,anrufen_stufe,+499264995820,Sonnen-Blick Altenpflegeheim
,,,,+4953713363,
J946ZYQVW5QT75QV,,CYCRWXCVP7D5DP4M,anrufen_stufe,+493940793718,Seniorengarten Seniorenpflegeheim
,,,,+49620395850,
WLFZTEGR3YMDHTE8,,NCJ2MNP79JPJQQ23,export_negative,+49231182010,Christinenstift
N42F9Z2PWG9MMESG,,5JPR8XZ7ATX3UZYA,anrufen_stufe,+494318868414,HDU Ambulanter Pflegedienst e.V. Kindergarten
,,,,+49535294680,
,,,,+49610352396,
CRT9MY5AN3VEC3W6,,R982XMFZ7BJCT723,anrufen_stufe,+49350229230,Caritas Alten- und Pflegeheim
,,,,+4936065070760,
KTM8XCMH6NRTEXKU,,MN3STNP82X7JPAV8,anrufen_stufe,+498031356450,Altenheim Elisabeth
TXTH5SFVJC53B3PJ,,UMQXAKB5JZ243SB8,anrufen_stufe,+49617230830,Alten- u. Pflegeheim Haus Luise
,,,,+4952712303,
79VCKUGRT5S8BFY3,,A63LV5RTUNKHUKXL,export_negative,+49260210600,Azurit Seniorenzentrum Montabaur
,,,,+49208380008,
UWGNSJM3BYJPE9RH,,295L4U3R7ZPGYHEK,anrufen_stufe,+493691887300,Seniorenheim Justusstift
,,,,+495231762900,
,,,,+4920314115,
FP9779QFE9SGU45M,,5CUQY9WNJ5DGP7J2,export_negative,+497331442000,Seniorenresidenz am SBI-Park GmbH Seniorenresidenz
DAF5FS8XGEMCXCH7,,YDAKB8BS5CCQEZKR,anrufen_stufe,+4960219080,Seniorenheim der AWO mit Tages- u. Kurzzeitpflege (Bernhard-Junker-Haus)
DUC78JRDZX49XHQ3,,HSYN2BWTF58X6DRN,anrufen_stufe,+4922862980,NOVA Vita Bonn GmbH
Y9EGW2RSCVCLMVYZ,,VLAKMFLDFJ7AUGC7,anrufen_stufe,+49622136440,Agaplesion Maria zu Graimberg
,,,,+4950219168410,
,,,,+4938371700,
,,,,+4941928192374,
UVFY4UMUP7DBFXMD,,GCWZGJ8A4NN674EP,anrufen_stufe,+493581735430,Diakonie St. Martin Kirchliche Stiftung bürgerlichen Rechts Pflegeheim
7Y45R9VXPP8GF8DW,,4EWB5SG84727BPQC,export_negative,+49617163040,Traute und Hans Matthöfer-Haus
G7V7GB9K3USTQH7N,,BGBPYBJA5DHEJC25,anrufen_stufe,+497951469100,Seniorengemeinschaft Sonnnenhügel GmbH & Co.KG
,,,,+493925371222,
,,,,+4951717667470,
EJ8KYWBLVSV5F2YX,,FXQK3KDR6LUM5HRD,anrufen_stufe,+49391732516,Bischof-Weskamm-Haus Caritas
PXPYJ9565AUWCVKB,,EYMUBRRTT8MMM7WN,export_negative,+4920360060,Seniorenzentrum Duisburg
EWHL45R8DM3FHAT3,,Y2ZUK9WB4VEZQEJD,anrufen_stufe,+4953721419,Altenheim an den Eichen
HAFW55RFM98GE6GX,,XQDDEUPR8AU9VEWY,anrufen_stufe,+49821808480,Ruhesitz Wetterstein
YWAW49RSS9DPF6VF,,34NAJBQ5Q8T23ERJ,anrufen_stufe,+49840392890,Seniorenheim St. Josef
,,,,+4952518890800,
UN4M8NBT9JUC93M3,,D7J7CE3B7J5ZWHGN,export_negative,+4965315020,"Altenzentrum Mittelmosel, St. Raphael CAB, St. Nikolaus"
,,,,+49815823115,
,,,,+4989724030,
QDXSTRUZ4K9XAYV4,,6JA94D7SNAEK9X68,anrufen_stufe,+49224391880,Landheim Bourauel
6WNK9WEFMAP4SSZ3,,X83AHWM4K8993TSE,anrufen_stufe,+499741840,Kurstift Bad Brückenau e.V.
348ECYS6SPG6LXU9,,T8E44V3QDC2LB4AJ,export_negative,+4928329773852,Caritasverband Geldern-Kevelaer e.V.
W58WW5EP4L5CZSWJ,,MWAY9LJGHX5MTJET,anrufen_stufe,+4963016090300,ASB-Seniorenzentrum Otterberg
,,,,+496123697445,
,,,,+4951769755420,
BLT4J9ZNPHZKWZE7,,5NSXYJVWU4UGHDBF,anrufen_stufe,+499314601301,Antoniushaus Alten- und Pflegeheim
VKJ4VG9SV5XMPVY9,,N5BV4C4L7FKD5KWP,anrufen_stufe,+4939128041100,Haus Olvenstedt   0391 28041300
,,,,+494020920,
YVGU4XF4RGN46GQS,,4BW7RP9NESQL69ZK,anrufen_stufe,+49625797120,Altenzentrum - Mission Leben
,,,,+496612428102,
YGTPHXG528UP8Y6F,,DCMBP2CMLZN6YBZR,anrufen_stufe,+491749612680,Altenpflegeheim Haus Wartburgblick
WVMZBFUU744FDCLJ,,F583DE2FLDUD8N34,export_negative,+492232943605,"Caritasverband für den Rhein-Erft-Kreis e.V., Häusliche Pflege/ Sozialstation"
26FATMEH9UXRPWSN,,3LPRRQ39RDMENWW3,export_negative,+49746196690,Seniorenpflegeheim Elias-Schrenk-Haus
97983Z2V2MC3GMNU,,X8JGTWEMCCL582KF,export_negative,+497121144790,Seniorenzentrum Wannweil Haus in der Dorfmitte
,,,,+4924141355125,
4PD24MKZ5RXF9EMW,,4KJJRJVG7KRZ7NLC,anrufen_stufe,+497367922200,Samariterstift Ebnat
,,,,+494020922092,
PN9CZSZHLYTP7CKQ,,6Q95N6TC6G6RB8GB,anrufen_stufe,+49805168850,Caritas-Altenheim St. Josef
YGCH2BVWAPVBEUA8,,45NXBXJUBXSQNBYR,anrufen_stufe,+49420791790,Haus Schumann GmbH & Co. Seniorenpflegewohnanlage
JQMWJ3E84BFUUASP,,RSCSVK4AC5T8KH67,export_negative,+49720392179100,Seniorenzentrum Am Losenberg Seniorenheim
JY8VD57NYSYL5KEM,,FX4WRFJ9JGLMN7WM,export_negative,+4997172760,Caritas Haus St. Elisabeth Alten- und Pflegeheim
,,,,+494615700323,
EZPTQZFHWTETTHEP,,NGDEK68K3LEYDBNB,anrufen_stufe,+493518628100,Pflegeheim Pieschen
,,,,+493523808825,
CZKW2WSCCQ2FQMJC,,6WNYBQEDC3YTVWTV,anrufen_stufe,+49454285770,Pflege Pension Haus Hubertus Altenheim
TKJZC92KVYFRF5JE,,Q8MJAK7LRFBWVDM5,anrufen_stufe,+4940544818,Kock-Siedlung Altenwohnanlage
8UPAJZG7484M5FTP,,AWLYJW3329KXJK97,anrufen_stufe,+497219176120,Seniorenheime Matthias-Claudius-Haus u. Benkiser-Stift
,,,,+49401818811700,
E82HA8TELCWJHJN8,,MNQ59C8ZDE4W8DW6,anrufen_stufe,+49917994840,Caritas Alten- u. Pflegeheim St. Josef
,,,,+49442199360,
,,,,+498954714183,
9MYJ7W5VVUPQ9FTJ,,BESP4TAAEYDUUNFS,anrufen_stufe,+497233679777,Johanneshaus gemeinnützige GmbH
,,,,+497119079740,Pflegestift Münster
,,,,+4936134400,
,,,,+4938345430,
,,,,+492219921210,
,,,,+4983822760,
WZVKA2QTJRRKDGXU,,UBCZCHXMXBU5BST2,anrufen_stufe,+492504880070,Seniorenwohngemeinschaft Röntgenstrasse
,,,,+4921039150,
WZJCRZVJM8AGW4YY,,KJ5BFVNW2NSFR4BS,anrufen_stufe,+498214555540,Transport Fritz Hendrich GmbH & Co. KG
Y5KWZPTBJGMZHUFG,,QY66VWW44GF92RRW,anrufen_stufe,+498962000050,Altenheim und Tiefgarage Brandmeldeanlage
,,,,+499851902143,
EV5LPMVV74Z8GG5M,,U9AYNL4PSMHQ3U5G,anrufen_stufe,+49534187980,"Alten- u. Pflegeheim Maria im Tann, Kath."
,,,,+49421336300,
,,,,+493922269341,
ZTAU5YUES824PYCG,,LCTTYMYP7GVAXPG9,anrufen_stufe,+497119378430,Katharinenstift
,,,,+49230798370,
X23JJE4WYMYZ847Q,,27NBA3WS7JVQNKHJ,anrufen_stufe,+49333438541125,Offenes Herz Pflegewohnheim
,,,,+4939292650311,
,,,,+495118401191,
RLN3J9TXNX2WQWMY,,582EG8U5SMGRNM2C,anrufen_stufe,+49304284471100,Seniorenstiftung Prenzlauer Berg
J249UCZWWLRWWBEP,,HA235PWXC79SXJ97,anrufen_stufe,+49921960,BRK-Ruhesitz
9CF9XYUB2K26FQ6U,,URFG8ZTHM5TT3YVH,anrufen_stufe,+4956228010,GAMA Altenhilfe Zentrum
ERTABT4JYFVXXDV7,,W7RAA3G8EU4CQUBY,anrufen_stufe,+493884121645,Haus
,,,,+495322789410,
,,,,+49882194347101,
BBJFY6ZFNWVKNJBA,,A5PQP6M6JN3DRED4,anrufen_stufe,+49552394510,Tannenhof Fachpflegeheime GmbH Haus Nobilis
BNM9Y5TKCW63URQV,,URVKKCS2BMNYNJ6A,anrufen_stufe,+492191463600,CBT Wohnhaus Katharinenstift Altenheim
,,,,+4964289304904,
,,,,+498611716400,
,,,,+492653988106,Senioren Domizil Eifel
,,,,+49511571111,
,,,,+4939443623125,
GG5JPWSDEKWECU6T,,KMEU85FE7RCF7UX2,anrufen_stufe,+496984005255,Altenpflegeheim St. Elisabeth
GA6SJJQ6FUJUW2LG,,VN8JADPCH4PXHCPN,export_negative,+498378960440,AllgäuStift Seniorenzentrum Buchenberg
XJ5JBTBCYGFH3ZCM,,3Z3ZFUS8XVRV744C,anrufen_stufe,+49569299650,Seniorenzentrum Wolfhagen
,,,,+4985059170,
,,,,+4961513075260,
,,,,+499191700715,
,,,,+49361590590,Arbeiter-Samariter-Bund Regionalverband Mittelthüringen e.V. 0361 590590
,,,,+49261963470,
GETSR56FM4HWXTQA,,MLMZBESWH8P82L6H,anrufen_stufe,+49374623740,Arbeiter Samariter Bund Altenpflege Wernesgrün
8HVRA6U59WMKVEXR,,DG2D8TASLJ88Q5GF,anrufen_stufe,+4923306032000,Parkanlage Nacken
EBMYM7FAME4PRBCZ,,YQXW636HXTBPEYR9,anrufen_stufe,+494087087337,Rosenhof Seniorenwohnanlage
,,,,+4964713130,
2UX2BKZS3PPF8SPT,,DRJLQ4Q7X7ERUDU3,export_negative,+4921128001744,Sana Seniorenzentrum Benrath
EJAVHVTQJTHVXC77,,U9GXB295X7M9A3AZ,anrufen_stufe,+4953418080,Haus Lange Wanne Barbarahof Seniorenpflegeheim
,,,,+498334981100,
,,,,+497219176162,
S53775CGKBLN73U9,,KUPWJB6L36L6RCD5,anrufen_stufe,+49243565330,Haus Herbstsonne GmbH & Co.KG i.Gr.
,,,,+4956357641,
,,,,+4968185784209,
MYWLEGNCKXSYMWSA,,AFVA93V8LLG3VRPY,anrufen_stufe,+49467191200,Feddersen Ingeburg und Kirsten
X5Z8UYMC9PJS3WH2,,H5JNG9VK5T9YNXCK,anrufen_stufe,+49611986540,Haus St. Hedwig
J5RP6NKNWDGB8XPP,,BFLK9PZCNAEK86GV,anrufen_stufe,+4977048080,Zweckverband Pflegeheim Haus Geisingen
DWQFXRMD6ZBMBXN7,,E993QFF2P7845MMA,anrufen_stufe,+4941552084,Seniorenpension Büchen GmbH Sabine Hecht Senioren- und Pflegeheim
,,,,+49910350090,
,,,,+493975167113,
HVQHPFAV3XZEN2C9,,GQU33LMBHLBA8WQP,anrufen_stufe,+49878194260,Spitalstiftung Pattendorf Haus St. Josef
,,,,+49221878994,
,,,,+49404804239,
,,,,+495139986314,
EB9HCHCD6AX7VQSE,,R58PGVTGK2T9YAFW,export_negative,+492855290,AWO Seniorenzentrum Altes Rathaus
L2X6HFJG89QQS3PY,,BPZQSUAJ9VGWAZZV,export_negative,+49227183750,Haus Sandberg Seniorenheim
,,,,+493922268520,
XQXCKHXQE6BCARY5,,48J5XC8N9RU5SXAD,anrufen_stufe,+499575981530,ASB Weismain GmbH Seniorenzentrum
,,,,+49511560700100,
HF9B5E8D5Z57VRGG,,BXQYHRHSDBKR4BNF,anrufen_stufe,+49221966490,Herz-Jesu-Stift
JVQ62FC85QJGA2SE,,42T57NGF7HK7BGQZ,anrufen_stufe,+49416159655,Seniorenresidenz Wohnstift Buxtehude GmbH
JKDPSYBJQJHVKHH5,,36US9LQ9K24D8ZLL,anrufen_stufe,+493091425193,Roy + Utke Pflege GmbH Seniorenheim
,,,,+49228556410,
F56UTRLMHMSMJ5AR,,N7EEUBCJVVG2N5TQ,anrufen_stufe,+492236962100,Altenheim Matthias-Pullem-Haus Altenheim
RZ92PLC4KPL3U3SK,,FV9EVBALJ2KG2TH8,anrufen_stufe,+495205160,Frieda-Nadig-Haus
,,,,+493774265141,
AEKP3ZAQD88P9UYK,,5JK8X4W4SWM8GBF5,anrufen_stufe,+49237317905,Seniorenwohnpark Menden Hansa - Gruppe
5HGAR9KWJEHQ38MU,,NV5RXJ3ZZER6N3R2,export_negative,+49711252620,Seniorendomizil Haus Martin
WKZ89EVQKAADY7A3,,VHHFPXNG8NXKURU7,anrufen_stufe,+497131598170,Haus zum Fels Alten- und Pflegeheim Flein
,,,,+494328170460,
6FVNAWSMZLNLQC57,,UGL2KABGYNAN3SRX,export_negative,+497442123001,Haus am Kurgarten Seniorenheim
,,,,+495115389580,
DF8QVGTGBXX4V6KC,,VR8MVRSNERRKJXQM,export_negative,+4929219500,SZB Bad Sassendorf Altenpflegeheim GmbH & Co. KG
,,,,+496232221847,Diakonissen Speyer
9P5WLTXKT3BWX27P,,R3THULA8GLJVZCHD,anrufen_stufe,+4979314950,Ev. Heimstiftung e.V. Eduard-Mörike-Haus Altenpflegeheim
A8YWZ6C653K3489X,,YTN3HC86LPC9APB6,anrufen_stufe,+4922241830,Parkresidenz Bad Honnef GmbH Altenwohnheim
,,,,+497527954643,
,,,,+49216612860,
C5QF6QYGQUY7EUJU,,2BPWH6XG22FWLAQ5,anrufen_stufe,+492661915780,AZURIT Pflegezentrum Wiesengrund
7JGPFUJUB3AQALTY,,CCGK5RUE6ATZUWZP,anrufen_stufe,+4936319130,Jugend Sozialwerk Nordhausen e.V. Geschäftsführung Verwaltung
BW5VZPCVPJKKWPPQ,,DDEJR2MXJAVD7HUW,anrufen_stufe,+49512680090,Alten- und Pflegeheim Landresidenz Algermissen GmbH
YJQTCMTCMQ8TRZ5X,,SLCSL9VTYXGT3KJT,anrufen_stufe,+492166256000,AWO Seniorendienste Niederrhein gGmbH
N6PUUWSP897KTZPU,,5RKLDY6GB9MBMFLY,anrufen_stufe,+492635922000,Seniorenzentrum St. Elisabeth
,,,,+492363567870,
H29QPC5DV466BMQJ,,9GBHBNFGRLEQWAUD,anrufen_stufe,+49308500030,Evangelisches Seniorenheim gemeinnützige GmbH Rezeption
,,,,+495112894450,
DVT46QABZ7D8BYWM,,MWHJZPCJN3LSKCUD,anrufen_stufe,+4950329600,Residenz am Rosenkrug
,,,,+494361508040,
G5LSE2MW95F65DQW,,XYNM5LGDTRXVVGTF,anrufen_stufe,+4956625090,ad homines Betriebsges. St. Valentin Felsberg mbH & Co. KG
,,,,+4963315430,
LNNAKHH7JKF9Q9TY,,NJ58BR92V2D592HV,anrufen_stufe,+49723142510,Goldene Pforte Seniorenresidenz
CT74SGSUKRB2J93C,,GDZ9Q5F6HHJ5G3KC,export_negative,+4976448010,Kreis Seniorenzentrum St. Maximilian Kolbe Betreutes Seniorenwohnen
,,,,+49891260050,
HL4Z7BPDABPJWSGJ,,2BC6TWRQGYFSUHGE,export_negative,+49951982813,Ambulante Tagespflege der Caritas
,,,,+4942146830,
898BHT5FBRH87JG7,,J74TTY9BMBDY4SXL,anrufen_stufe,+49713192140,Richard-Drautz-Stiftung
UHXSX6MC2RJ7WE87,,HMHLRV3TDV94JYSK,anrufen_stufe,+4943287260,Altenpflegeheim Rickling
J386WMAZWNCCNCP3,,GGBJHLFK5SZVFNT8,anrufen_stufe,+4955158262,Bode Alten- und Pflegeheim
,,,,+4994317520,
,,,,+4989547140,
,,,,+495247925612,
,,,,+492349359221,
KEHVQVEJ5W5SZV6S,,V6Y2PDM4G6A3T72L,anrufen_stufe,+498324953000,ASB - Pflegezentrum
,,,,+493760288113,
EEG6J5V7E62NLYCJ,,PZFGX2L8UJZJSCBV,anrufen_stufe,+49527336090,Seniorenhaus St. Johannes Baptist
7WJYWQXWVKJSV6GS,,7PZ29XM9E98RZA49,anrufen_stufe,+4933423091400,ProCurand Seniorenstift Neuenhagen-Hauptstraße
U677H62XCJRTH7PC,,K4VGSV9FL4W2QAV5,export_negative,+4922844990,Ev. Altenheim Theresienau e.V.
DXDKJABW3TZTCZDY,,VZEZMWN8UPBUQBN9,anrufen_stufe,+493912598720,Seniorenresidenz Vogelsang
,,,,+4942022020,
8TTUPJCDJ3FRGKR9,,3Z4U3QJGRHAFLLSX,anrufen_stufe,+4953725336,Haus am Schaperberg Alten- und Pflegheime GmbH
,,,,+4989232366880,
,,,,+49401818829015,
W9URX79DWERCND97,,YX8SQETCZMBWXPMK,anrufen_stufe,+4962201554,Ella Seniorenhaus Veigel GmbH
,,,,+49233444250,
E2FJUZNGLWV6EGY6,,LV4JPMHJ7VYKEU2C,anrufen_stufe,+49308979120,AGAPLESION Bethanien Diakonie Seniorenheim
DCXP7G6ZWEQZN72S,,ERAVJXVM8ZBQZXH9,anrufen_stufe,+49432149050,Senioren-Pflegeheim Haus Schleusberg GmbH
,,,,+49625398970,
,,,,+4939732291910,
,,,,+494561540,
,,,,+493920969000,
R7FU6NPHS6SS4E9M,,VQL6Y4Z6USH9C2F3,anrufen_stufe,+49584697920,DRK-Kreisaltenheim
TK2YBDGHVPCW7V8E,,QC3YXARGYTHGRDT8,anrufen_stufe,+495373979600,Sonnenheide Seniorenheim
HRRFQ6CWAHFN3GSN,,NQJ6CBT2P8M4SDYA,export_negative,+4920189695,Adolphinum Seniorenstiftung
,,,,+49365112790,
SCVT4FDJM8AXDKFJ,,P7NEG6WRCAB9UG3Q,anrufen_stufe,+49644334040,Zum Schönbachtal
Q4VB9W7JS3FZQV6J,,VDW8S7MKX6CWFR8T,export_aufzeichnungen,+49297297130,Haus im Lenninghof
,,,,+493678455288,
,,,,+495251130920,
C62XEAF2MD9VDRU7,,BVH7DGKGGKQEN6PV,export_negative,+49286595700,Seniorenhaus St. Martin
,,,,+493834892440,
XT8G5U8P69EG3SFR,,WQQS6QNJCAH6JL7B,anrufen_stufe,+49751790620,"Ergotherapie im Seniorenzentrum Weststadt, alle Fachbereiche"
,,,,+493372444960,
GQ7QR89FYRGE222K,,XTVUGQELSPKZ2LCH,export_negative,+496842510960,Seniorenzentrum Haus am Berg
FEAHRP3L2ZYZKFD4,,UZC9ZAXPTB8JEY44,anrufen_stufe,+493843855130,Westphal Betty
TYE72PWC47UYHVDX,,4QLUSA9E95L947AC,anrufen_stufe,+4941414263500,Stader Betreuungsdienste gemeinnützige GmbH Seniorenheim
SL5FSDTSUU25FRYL,,KKX627Y32C5ES8LA,export_negative,+497445851180,Seniorenstift am Kurgarten
,,,,+493339730,
,,,,+493052110,
,,,,+495621794877,
,,,,+494131981100,
,,,,+492095130510,
E3XN2SF5XAB2FGL9,,YWQGCL9ALH553QTP,anrufen_stufe,+4925176060,Maria-Hötte-Stift
,,,,+493361567120,
YCAHK5N7S5UENMSR,,LVRQX9LBN4CMXWD9,anrufen_stufe,+493320150700,Seniorenresidenz Seepromenade
9YEF9AE2PWW4F27N,,45B4AEB6Z44XH5DM,anrufen_stufe,+492143106721,Doktorsburg Altentagesstätte
XXS3ALTL7XUF9RE6,,CZJTHA3ZCKWAK9XF,anrufen_stufe,+492861891410,Schweers GmbH & Co Hoch- u. Stahlbetonbau KG
SJT4A567AKM5YEXD,,NHEC83F9EG5YJV5C,anrufen_stufe,+49493391840,Hansa Seniorenzentren GmbH
93M86Q5ZUW8VS4KV,,THAUB2CWGK8REAH6,export_negative,+49723196600,August-Kayser-Stiftung
H8JBE9X3WYRFVWP6,,3VV8T6ZYXKE6BDKA,anrufen_stufe,+49804176590,Marienstift
X55SMZLQDZQT62KZ,,TEX4SK7E6QQ33835,export_negative,+4997171480,Rosenhof Seniorenwohnanlage
9DMDKSCDHF93E7HD,,BSJS4TKTYN4RSL38,anrufen_stufe,+4961429558100,Martin-Niemöller-Haus
ZLFFZ9CS33RSVP3N,,HYMGWTTZUNFVV339,anrufen_stufe,+4933606786699,Seniorenheime des
DN7WDW6YCGKNAKNU,,M98NDV9C2DZZWVXS,anrufen_stufe,+494213300450,Convivo Park Oberneuland
8GV8AMSU2TJV8T3V,,FVZT92C2G27TZD8T,anrufen_stufe,+4944038190,Residenz zwischen den Auen GmbH
2RXK5U64UECEA7CH,,DP3VR9HAZMF9X4JC,export_negative,+492331367370,Seniorenresidenz Vivaldi oHG
,,,,+49250630460,
PU3K83PVZLXAJF8V,,XEKZLM83QNZSKHET,anrufen_stufe,+499955933180,ISAR WG
,,,,+498001906090,
,,,,+497514007125,
XGS2P2TMSA7T2RNR,,HCW2YRN8FFDP7EA9,anrufen_stufe,+4939453418,Hospital St. Katharinen Altenpflegeheim
EVBUGSYDJPZXRQRD,,KSM3WCVWXMQHWXGL,anrufen_stufe,+4920186756810,Nikolaus Groß Altenwohn - und Pflegeheime GmbH
,,,,+493695609201,
,,,,+4991189101000,
,,,,+4974225690,Franziskusheim Altenzentrum Senioren- und Pflegeheim       07720 6929530
,,,,+49401818824801,
,,,,+4960552067,
,,,,+4941417600470,
9GNJWRWXTDWNETKG,,YE7UM928H4KGJBXC,anrufen_stufe,+49809587560,Seniorenzentrum
UC5EJDH8ZSEP2AX6,,QB263A5HTBARZFKJ,anrufen_stufe,+494218989790,Seniorenresidenz Rotbuche GmbH
,,,,+49304092516,
PVZY46TEZHNJWNE4,,GE3NMCJ25BT4JCNL,export_negative,+49704195340,"Seniorenzentrum St. Franziskus, Paul Wilhelm von Keppler-Stiftung"
,,,,+49401818873076,
4VRQNQNTZECX3YQS,,XEHBYN24VEERWJKV,export_negative,+497441860150,Pflegedomizil am Kienberg GmbH
EZFG6VYHUR2CVUCH,,TWRWGUATC2PAFZ4X,anrufen_stufe,+4991189105000,Fritz-Rupprecht-Heim der Arbeiterwohlfahrt
,,,,+493321421130,
,,,,+493901301529,
8G7C6TPQEZ3LA8UW,,2DY9HY5ZULNNY5UB,anrufen_stufe,+496782104103,Haus Schönewald
AFT9RMCPEWPXAADL,,7D27F6G3KAMJ9STC,anrufen_stufe,+4936797760,Maternus Seniorencentrum Angelikastift Neuhaus
X8UY8YUK4SBYVMJF,,6QVNR8HGBWJMXZKW,anrufen_stufe,+492294698620,Senioren- und Pflegezentrum Lichtenberg GmbH   02294 6980
,,,,+495105528631,
THMBP4QP5DEQ7LKD,,97T5CX8P5CLELJW9,anrufen_stufe,+49620139490,Schmidt GbR Altenpflegeheim
KDJB3VK8UKWEPNT6,,829FXBE5YBQY98QQ,anrufen_stufe,+496173934450,Rosenhof
L6R92HNZ8BMR32KR,,TDFWFR5EWRD9ZRC3,export_negative,+4928539110,Marienheim Schermbeck Altenheim Caritas Marl Seniorenheim
XT777UYXCHUWF7MD,,W87FG946SJ5ACMYN,anrufen_stufe,+49751560690,Seniorenheime  -  Haus Judith
,,,,+4962158674350,
UTRF7ZW8WAZY4RF9,,T5Z42XJGMFZ2P5XK,anrufen_stufe,+4930627240,Pflegezentrum an der Wutzkyallee GmbH
DVNH5CDHPBJPZ9VR,,X5AHH3DE776H82UL,anrufen_stufe,+495724399090,Kreisaltenheim Helpsen
,,,,+49393164890,
,,,,+4951196609041,
,,,,+4983829435091,
,,,,+4917697550,
,,,,+495615077126,
,,,,+4955291037,
UY79BEWLVHHLVV7K,,VEUYC9KJ625M9QNL,anrufen_stufe,+4936159059400,Arbeiter-Samariter-Bund Regionalverband Mittelthüringen e.V. 0361 590590
,,,,+492349140298,
EFH6G7AMXVUUYSLY,,JKN8QDQTEHH2PG47,anrufen_stufe,+49201643920,"Deutsches Rotes Kreuz (DRK), Kreisverband Essen e.V. - Seniorenzentrum Freisenbruch"
,,,,+49492191490,
J6NJ3Y6DAQRFVUQS,,4HAUAJBJEEDFHKYW,anrufen_stufe,+4936758240,Annastift
,,,,+49926162150,
,,,,+4925629151115,
,,,,+4939160751252,
,,,,+493923485539,
EZ3LW66JRCN7W6HA,,53L82MJJQFHLAYKQ,anrufen_stufe,+4989697790,SRM Senioren-Residenzen Verwaltungs GmbH
Y2XT7UXH7WQYRZ3G,,T2X6SJ47WYMN3FBT,anrufen_stufe,+49452470607333,Residenz Klingberg Seniorenheim
,,,,+496142881125,GPR Medizinisches Versorgungszentrum Rüsselsheim gGmbH        06142 884500 (radiologie)
39M6R9P7X7HP6HUX,,RUTHDPNDRQJ94RRD,anrufen_stufe,+49631205720,Seniorenresidenz Westpfalzklinikum
,,,,+495761901000,
,,,,+4915118823051,
,,,,+493381366955,
B46PS75RVLBXVTZN,,WAN9PZ8WHZ7F8L7N,anrufen_stufe,+49287121930,AZURIT Rohr GmbH Natürlich
XND7R3SVCFNBKE97,,4ANBN6B7HTA7FCGB,anrufen_stufe,+492088826430,Haus Gottesdank
,,,,+49873392110,
,,,,+492822733001,
,,,,+49511676861001,
,,,,+494443979678190,
,,,,+49223496621172,
NU2L4XLTD8F868YY,,2NUG39RJVELGXQ53,anrufen_stufe,+49940795780,Altenheim Bernhardswald
,,,,+49377237166190,
TSL2TFWJ78P5Y539,,RMMV54A5V4R9U5NH,anrufen_stufe,+498681696400,Altenwohn- u. Pflegeheim
FVWMZXP26N9NXR8E,,P8MXUV9F7XX28LCD,export_negative,+49258266970,St. Magnus Haus
GNKQ23XFBCWKMAKD,,NS7RZAMLUW3G9T38,anrufen_stufe,+49377350590,Pflegeheime Johanngeorgenstadt gGmbH
QEX3EXCENDP7E63C,,YH59RR8YNVXPTECE,anrufen_stufe,+49511590960,City-Park-Residenz Langenhagen
TYRP4Y7S4B8HDR7D,,MSKD5T3CWGGE6X94,anrufen_stufe,+497031735300,"Seniorenwohnanlage Bären Eck, Betreutes Wohnen"
,,,,+499128739190,
6U3ZGNMRPTWHUAG6,,AM6ERWYV2SK9RXCU,export_negative,+49610398060,Johanniter-Haus Dietrichsroth
FF6Q7AC7ALSLSW7N,,EB6WTYHEXN6B6924,export_negative,+49962592000,BRK Seniorenheim St. Josef
,,,,+49898208140,
E6BAJBV42TWRL67Z,,TC6R8HBNQFRC2537,anrufen_stufe,+4956564432,Seniorenzentrum Waldkappel Haus Anna-Katharina
,,,,+4951412789203,
EKHRSSPM7VH2S5DV,,6Y5GCMLVKTWL4AD4,export_negative,+4991121531400,Senioren-Wohnanlage Platnersberg Pflegeeinrichtung für Senioren
U9HTYKRSU9R3PWNT,,8K7KGA59MR3BV9DV,anrufen_stufe,+498552974400,Rosenium XV
TY4CZUG63TZJ2LB4,,MJZ7HUBA4NTP6Y9Z,anrufen_stufe,+49408972560,Cura Seniorencentrum Bergedorf
,,,,+493374882391,
,,,,+4941837990,
WD6ZVK6ZEARVF7TF,,NDUEZTQ44YTXMDQX,export_negative,+4921026180,Deutsches Rotes Kreuz Schwesternschaft Bonn e.V.
7BJCCZ7LWV5KA9YB,,Q5N72EKTTCEBZARH,anrufen_stufe,+49535158580,DRK Pflegewohnhaus   05355 910900
,,,,+4939415664319,
,,,,+493040920,
,,,,+4940380212720,
,,,,+49421427796118,
E3D63PNE9R96DKJ8,,KZWECFLZF2Y9M6N7,export_negative,+499841912555,RBW Seniorenresidenz Bad Windsheim gemeinnützige Heimbetriebsgesellschaft mbH
92QDA5UA68658T2Z,,D2FCSGXDHMU8YK3M,anrufen_stufe,+4924329334960,Casa 2 wohnen & pflegen
,,,,+49225171065,
,,,,+49401818827208,
,,,,+49644293410,
,,,,+4980399072011,
MRULZKMY4MD7ZAJK,,9PHADDMFTWP5ZVF7,anrufen_stufe,+49441340060,Seniorenheim Meng
NFCNJT97NVRJ3K6E,,V7NTKQ2XZRMQY659,export_negative,+492349733164,St. Johannes-Stift Alten-und Pflegeeinrichtungen
,,,,+493022192331,
Y3VJRM7KVW2TR54P,,AU48P8GAYA9HFSQY,export_negative,+4927616080,Wohngut Osterseifen
,,,,+49496194830,
,,,,+494072545450,
PHPLFVPNAQJAMN8K,,TRXCJR3UFCYJWL7U,export_negative,+4968721500,Zur Mühle
,,,,+49401818864967,
,,,,+4967236031999,
,,,,+493051589100,
4UT6LLQP5R8AU4AV,,W3VD5P36WL9U3E5Z,export_negative,+49707292920,Ev. Altenheime in Baden-Württemberg gGmbH
JFDMA4UFEAE8PVMJ,,PW4TRM2PNWNENUM3,export_negative,+497822789870,ASB Seniorenzentrum am Ettenbach
74D7T9M52PZX9SNU,,EL7AZJZ6LMTQFEHB,anrufen_stufe,+495181807130,Senioren- und Pflegeheim Lamspringe GmbH   05183 941000
5DFMFTRJKGFMBJHH,,GD7Y2Y4CQFHPRJC7,anrufen_stufe,+49388253010,DRK Wohnanlage
,,,,+492553726390,
B98BVWW9VX3XTW4A,,FG5BUN7L2JSVJSHL,anrufen_stufe,+494209919525,Seniorenpflegeheim Haus am Schwanenberg
,,,,+4915146774724,
,,,,+49791751284,
,,,,+492504600,
Z9M54T2TEWCU6RZ8,,QF552AY86PY6Y56V,anrufen_stufe,+49514194860,Johanniterhaus Celle
U68HCLD7KFTZW2HX,,8692KH79BL7YLLYP,anrufen_stufe,+497123949106,Evangelischer Diakonissenring Metzingen e.V. Altenheim
W7542UKPW3RWJ57C,,MK7SYUZJH72DSVCN,anrufen_stufe,+49622230450,Römergarten Residenzen Haus Melchior
,,,,+494031970,
,,,,+492287673290,
,,,,+49251915554000,
,,,,+4946219892917,
,,,,+494961198810383,
RYMAWHECHG8HXXPT,,S7JLXGGDCJZEPXTA,anrufen_stufe,+4962167191190,Städt. Alten- und Pflegeheim Friesenheim
,,,,+49213152915982,
,,,,+495722200181,
GPQWVKJE6DT7KBGU,,DQT77ZS7MV54F97L,export_negative,+492723100117,Alten- u. Pflegeheim Haus Sauerland KG
9WKXT88PNDVZW9BT,,6A5K8DFZPCQUG6BL,anrufen_stufe,+4992523507330,Seniorenhaus der Diakonie Helmbrechts
JUHYE3YJYR88NEJM,,2RK8BP546279MR2E,anrufen_stufe,+4976239670,Bürherheim Rheinfelden
ZELKYSVWG9BNR5RS,,WQGZ8HZ8FQ9C3KSV,anrufen_stufe,+492161811960,Altenheim Eicken Altenheim
,,,,+494406939921,
JFEY69BBWQUN9Z9X,,FUG6ZKYSFQZ9Y7GV,anrufen_stufe,+4924521070,Alten- und Pflegeheime St. Josef
,,,,+49228377250,
,,,,+498161603122,
EMJKZG6N75V7ZHYV,,82VF5RWWJG6NQGY2,anrufen_stufe,+4929213560,Adolf-Clarenbach-Haus
MUH2EHHGML2SK2SG,,MKYTBPZEMJ8A2NVG,anrufen_stufe,+4962187910,Maria-Scherer-Haus Seniorenzentrum
,,,,+494141970,
,,,,+4951303032,
B6RG42R2JBMMWS9D,,386PREKTS386DSXF,anrufen_stufe,+49359552040,Westlausitz Pflegeheim & Kurzzeitpflege gGmbH
WH4B5YKG7P2XQ6GN,,KYVN5TL9KHEMJGMD,anrufen_stufe,+4937627060,Pflegeheim Rösner
QJDUZXFH9YAPWQFE,,42MVBVK645X7VWVA,anrufen_stufe,+49281338410,Martinistift Altenheim
,,,,+498036908510,
,,,,+49234431320,
8CWNVJYCDUG8DK26,,NA7DF5WABVUHW5E2,anrufen_stufe,+49407549550,Malteserstift Hamburg
R7SWUQ6YWDHWAG96,,LYGXMD4VFBZCUY7V,anrufen_stufe,+49369617070,Seniorenpflege Parkblick Bad Liebenstein
,,,,+4950668191003,
,,,,+49532253678,
8ELXMPG76VS7PDNK,,9MZX3KNSMX2A2CZZ,anrufen_stufe,+4977615550,St. Marienhaus Alten- u. Pflegeheim Seniorenheim
U3Q69EW3SRCHQK52,,GY8NEKSM4JL3CQHL,export_negative,+493617842100,Senioren- u. Pflegheim DRK Albert Schweitzer
CFRU8B2ZS2AFY223,,MXS533VSDVLZC8D2,export_negative,+4996659160,Seniorenwohnanlage St. Stephanus Edelsfeld GmbH
,,,,+498962113010,
,,,,+494952920350,
FPALL5DAZGXCAPW6,,SH2SD8G7Q3ZDEWCG,anrufen_stufe,+491741905218,Altenheim - Sun's Seniorenpension Pflegeheim
,,,,+496221720022,
,,,,+49643293470,
,,,,+497131594280,
BFJ4QY2L8SSW2LS6,,GW7S9SLK83M4XEPY,anrufen_stufe,+4915150940701,Bergische Diakonie Aprath
VQRJWAFCAECL2VM5,,4QCZR9UFDWY3F9LE,anrufen_stufe,+49908125910,Donau Ries Kliniken
,,,,+496815009918,
ZZ8YSK3DY27FNS99,,YSVCLE2BP7G4MHJE,anrufen_stufe,+497475950040,"Altenpflegeheim Haus St. Georg, St. Anna-Hilfe gGmbH"
9MWNVQZY7JSJK8B4,,XWZBNJ3XA43TZUYP,export_negative,+49236591040,Philipp-Nicolai-Haus
,,,,+4953539110,
W9CR8U2ZUSQYRVWE,,6AX9RM6D3J9YFYU8,anrufen_stufe,+493526753631,Wohnbereich 1
,,,,+4963846308,
9CL9P4LHNUW224PG,,5VGUWMXE2KUT2MD4,anrufen_stufe,+4941319880,DRK Kreisverband Lüneburg
N2F8QP7JKSJ24RLM,,9SZ8Q4QEGXHTTQ7N,anrufen_stufe,+4941037052000,Seniorenresidenz Graf Luckner Haus der vhw
,,,,+496920000710,
,,,,+494072575262,
,,,,+49238288980,
GVWY59SC5WXRNMPM,,S9Y2USG4QA86UB5C,export_negative,+497161156590,Ev. Heimstiftung Württemberg GmbH Seniorenzentrum
XEF7J5YGA4GPN3WZ,,JXA264EH5Q9Y5MLP,anrufen_stufe,+493021300270,AYANO Club Tagespflege für Senioren
QB5V52W4WKVCSMCE,,2EVWQMCJ5NRNQ4ZH,anrufen_stufe,+493998203004,Gertaudenstift Pflegeheim
UBYN7PTSW38G9ZHB,,43C7472G4JWJZRF7,anrufen_stufe,+492151736122,Heinrichstift
,,,,+492203350,
,,,,+49231895030,
JBX7VB4G7QW8QLWT,,KR5DM9KEN5H99TE4,anrufen_stufe,+49441925570,"Diakonisches Werk Oldenburg, Büsingstift - Das Haus für Senioren"
CXEBUUXMMAQ472VK,,8YVKLXQ8YMF9FEJ9,anrufen_stufe,+494346415300,Haus Dänischer Wohld
,,,,+4921174980,
DK8KDUECCEXX8MK6,,EDN93HHEWSGCA4XF,anrufen_stufe,+4981666339,Senioren-Servicezentrum e.V.
,,,,+4968389026450,
,,,,+493581464112,
,,,,+4923668897001,
,,,,+4971121689536,
YQ2ZMUY6YAKP9N7X,,BWA6HMN8P2BRAJSW,anrufen_stufe,+4982439933550,Umzüge Schumacher GmbH
7MSW2KPYYBLKHLGN,,U6RTY3LBEWBJBY7N,anrufen_stufe,+494413902190,Seniorenresidenz Seniorenpflegeheim Hundsmühlen
LWLYPHU39F6KDQ9C,,VLBCQMMLYCNHWQMM,anrufen_stufe,+49231477981141,Seniorenzentrum Brechtener Heide
7NJJWBVZVUQTTC7Q,,UZYDL49S6BXGBJXF,anrufen_stufe,+492219405230,Seniorenhaus St. Anna
TN72PCXGKWCK4SXF,,39WYJTKTWFSVAM2R,export_negative,+4985193107411,Heiliggeist-Spital Seniorenheim
GU7MBEE57M888EQL,,N43UBDPF6YZDSYCK,anrufen_stufe,+496272929170,CASA REHA Am Michelberg
L5WT9T6WM7YXDHLW,,WNJKR6L5PTVL3G84,anrufen_stufe,+49941504030,Altenheim Johannesstift
,,,,+49412150468,
TAYMHHUAQWNCS7LC,,UNDCM2RGVA82HBDX,anrufen_stufe,+4920185461005,Altenheim Deilbachtal         0201 85462500
,,,,+494215599392,
,,,,+4961716989000,
,,,,+4922119212,
KUMUPBQPTCB8EPWQ,,T97JCNYRD8BQQH2X,anrufen_stufe,+495151823890,Seniorendomizil Riepenblick
RU5GKCXNAB8KLXKZ,,CWQ577HQUSD5YB2X,anrufen_stufe,+4933277880,AWO Seniorenzentren
,,,,+4953213964000,
,,,,+4951116841949,
,,,,+493081810219,
,,,,+4938326520407,
,,,,+495861985580,
,,,,+498151180,
FS7K3A9XQWNREXGM,,VX8X8ZAY2JENZNJZ,anrufen_stufe,+4933062027200,DRK Kreisverband Gransee e.V. Senioren-und Familienbegegnungsstätte
,,,,+49753499910,
,,,,+4926539130994,
,,,,+4939325707100,
,,,,+493606661119,
,,,,+495043401310,
EZBYTHMA7VQNKXAW,,BET57WT599QMUQ2T,anrufen_stufe,+4930430959460,Cafe & Restaurant
,,,,+4921122993000,
,,,,+49616791330,
,,,,+492289266988,
TW9ECDCF528QFP8F,,75HLEBMF364Y5SPQ,anrufen_stufe,+4946218559707,GPZ Katharinenhof-Flensburg
,,,,+498962020160,
,,,,+49401818811401,
,,,,+49634861020,
,,,,+4945249090,
,,,,+49390802177,
GVDU9Z5NKW3DLAT9,,TASNHK7NCT7BMSK2,anrufen_stufe,+4951212835784,Seniorenwohnpark Giesen GmbH
CCPMRJYPKXJE8Y6D,,W3FBBZ3CPXQ3RQBS,anrufen_stufe,+4991191967302,Senioren- und Pflegeheim St. Franziskus   08441 40581400
,,,,+4969455970,
FTKAGMPAK5GNJAGD,,JS7RWXATC6FEJVVH,anrufen_stufe,+49441950750,Alten- und Pflegeheim Bodenburgallee 51 gGmbH
,,,,+495619873,
,,,,+49698477880,
,,,,+492842929500,
EQLRYHNXJQRZXMYM,,28USDFCKBZA6ZP84,anrufen_stufe,+49522191480,Haus Birkenkamp
BY7JNX5HPZLH8KB7,,JHCEBH3GMZK69HBL,anrufen_stufe,+49252493270,St. Josef Haus
,,,,+498718520,
,,,,+493375526670,
N5YUZ93CYZGLSATZ,,CZBF9ERVRRZ4R3PK,anrufen_stufe,+49352255790,Pflege-Wohnpark Radebeul Einrichtung der Altenpflege
,,,,+49511270464588,
H6PVRMPCMG87F8WY,,JWKBBXAX47BHDBCA,anrufen_stufe,+4952144760,Seniorenzentrum Rosenhöhe
9E52QCYMR2VH27FC,,253THFAHYPAU4YMZ,anrufen_stufe,+499314601305,Antoniushaus
XSCMJDPF4WYXAVZ3,,LK4U5FCAHSZY6LQX,anrufen_stufe,+4942074545,Metzentin Senioren- und Pflegeheim
,,,,+495619364803,
X5WMP5LQ538MF82X,,EQGU4FF37QTGNQLR,anrufen_stufe,+493846420161,Seniorenlandsitz Schlemmin Griefahn & Effler GbR
4MAC62WM5SWS94UQ,,6MJB8KU6Z25FGB2Y,export_negative,+497117272410,Seniorenzentrum Salzäcker der AWO
9JNQMKFKTWTXYKMY,,A6QSA3M782KMQ547,anrufen_stufe,+4942986997952,Cura Häuslicher Pflegedienst Lilienthal
Z6HH5YRCNYA9GXXS,,62YKRHVASGXHDSNZ,export_negative,+4970716040,Pflegezentrum Luise-Wetzel-Stift der Evang. Heimstiftung e.V. Altenpflegeheim
,,,,+498161243000,
FULT77YZGS5NAZHZ,,J3B4MHST95D2T9MC,anrufen_stufe,+4943228873952,Tagespflege Seniorenheim
,,,,+4936020886815,
3B7A8HV387FRYJND,,YZSE5SKSH2GVZRAT,export_negative,+49367838660,Pro Civitate gGmbH
,,,,+495325528920,
,,,,+4973539844400,
,,,,+49412296600,
XJZUUGU246S7B9Y7,,UUDSMLLJLTGQ2E6Y,anrufen_stufe,+4957243990083,Haus Bergfrieden
,,,,+4952222399036,
8JSVB7KFMPRH7THQ,,658HJUBCR7KRLMZ7,export_negative,+49201946110,Altenessener Seniorenzentrum
,,,,+491622915716,
,,,,+495522909160,
,,,,+495371804200,
,,,,+497541927203,
R8NTBLXFHYYQAJ3P,,R4R9GVUY2ACKV5QF,anrufen_stufe,+497191146100,Bürgerheim Pflegestift   07191 32310
,,,,+492773747112,
,,,,+4921238382951,
ZMPJMG2ZHEK3PCSV,,46GA7CJRGJDAHT3L,anrufen_stufe,+4936912918512,Verwaltung
PD429UQZ4BNXGZ4N,,8TZQKV7VTK9PQ2U5,anrufen_stufe,+49725196550,Haus am Wiesengrund
,,,,+495331801910,
,,,,+4926049180,
,,,,+493374880,
,,,,+495605945200,
V2FK532MDE5WW9V5,,K88FH7PXDM3UF943,anrufen_stufe,+4940685713,Haus Marienthal Seniorenpflegepension Seniorenheim
W575SRX6GGJCB3MR,,SY2NPBFWA867WWFN,anrufen_stufe,+4955208109,Seniorenresidenz Unter den Buchen
,,,,+49795154060,
,,,,+4939207848880,
AELUGAWXPS4G7D9G,,JB79XF5BU64HMYKT,anrufen_stufe,+49663196840,Alten- u. Pflegeheim Haus Stephanus
UWFYAKJDUU4HHQ8F,,HZZZVMMFCR9829RP,export_negative,+4999324010,Pflegewerk Osterhofen gGmbH St. Antonius
EJPTRCNWDV4UYEZC,,4RGWEQU763QYC6SM,anrufen_stufe,+495322559050,Senioren Wohnpark Weser GmbH
QXHKK6UXM86BVQUF,,FWLCFVKY2Y73MV9X,export_negative,+492431944509,Pro Seniore Residenz Erkelenz
AEGFYHKDCC2MTRZE,,3CL632MFSX6H7R94,anrufen_stufe,+49451290710,Cura Seniorencentrum Lübeck
Z22QKSU85Y3NZY6H,,Q5ZDZ9BADEFM3NJF,anrufen_stufe,+494542821618,Alten- u. Pflegeheim Park-Hotel Betriebs GmbH Seniorenheime
7WN8L2DBLN7AWSP5,,JPTP7X2LLTU4JZY6,anrufen_stufe,+49641922330,Altenpflegeheim St. Anna
,,,,+495344953970,
,,,,+493025766720,
GPR83K2DYV35CQD7,,WRT9MLDGMTJ3KERW,anrufen_stufe,+4937535320,Dienste für Generationen gGmbHSeniorenpflegeheim
YN895PP3CL8RE34T,,QY3GBP728WB9KWLN,anrufen_stufe,+4964651776,Haus Maria Altenwohn- u. Altenpflegeheim GmbH
W3U2TGAUYKXLBSQK,,FJ3649HMXP9PWAZ9,anrufen_stufe,+4939403929382,Am Zuckerpark Seniorentagespflege
NX26AGL5CSVAMEEJ,,ZY23CZDX9SH9UTQ3,anrufen_stufe,+495535573,Haus Elisabeth
X2CBUHCA9X839T3G,,6P2EWA5Z9PEPVQL5,anrufen_stufe,+495295986333,Seniorenresidenz Lichtenau
QDYAZ4VFSPDAAFXL,,JWJ7SP4E3F4NP9UC,anrufen_stufe,+4951116594135,Deutsche Seniorenbetreuung OHG
9NTCQMZ7YMKYUKSF,,7KYD3WQSRPU8P69Z,anrufen_stufe,+495136800600,Senioren-Residenz Bertram GmbH
,,,,+494221983490,
,,,,+493376666509,
,,,,+49410676750,
,,,,+49563389517,
RXSSV8XD37CYWUEP,,LCQELKLEBWELA88E,anrufen_stufe,+49451370070,Pflege Zentrum Travemünder Allee Pflegezentrum Nazareth gGmbH
CEHCGAABU5696AM6,,K8QSX53JMN2CEPVF,anrufen_stufe,+494718970,AWO Villa Schocken
,,,,+49711726360,
8LPT8ADPTCWRB6PK,,PG66QPDD9MSUFHWX,export_negative,+497131642850,Evangelische Heimstiftung Württemberg GmbH Haus am See
,,,,+4925139573348,
,,,,+49337734180,Evangelisches Seniorenzentrum   03377 34180
UQQ2URV3MFSYG3C9,,D46L9UZBAP9LSB5B,anrufen_stufe,+497319221032,Elisa Seniorenstift GmbH
,,,,+4975338070,
,,,,+4922029277412,
,,,,+49570793220,
,,,,+498985870140,
CAL784ZSTFS3AV27,,MC28NCAZWZTD33ZW,anrufen_stufe,+4985195586102,Amb. Dienste
TRDDWW3984GBKS3J,,3VY7GZCVSMT5V74N,anrufen_stufe,+4920433730,Caritasverband Gladbeck e.V. Pflegeheim St.-Altfrid-Haus
,,,,+495523952990,
MB52S9MCP9LDCDHX,,M6XQCH2NHZCBPGP9,anrufen_stufe,+4951365770,Kamshof Alten- u. Pflegeheim Inh. Mechthild Engelke
CAYA8UHHTPXVKTYH,,7UDQW6323FKTU5HY,anrufen_stufe,+4977218870,Alpenland Seniorenresidenz Am Kaiserring
,,,,+49884148789102,
,,,,+498161787480,
,,,,+4935925030100,
,,,,+498962020319,
NQBPE46MQCA6QPW3,,3DR64JGVD55PAZA6,anrufen_stufe,+49821486900,"Pflegeheim am Lohwald, Diakonisches Werk Augsburg e.V."
JHWFX99UU5BVVB6G,,N4PQEU52GF7XG22M,export_negative,+49719222930,Rosenfels GmbH
SG2MHB2TSLKF9ARV,,FK3VSFHHNN2KMZRC,anrufen_stufe,+4974329840660,Seniorenzentrum Albstadt
,,,,+4981369390,
SUWDGX455TBP9DM5,,NAD43253HRM2PEND,export_negative,+4962412105342,Pflegedienst DECUS
QCJE2F8TR4KTU8KU,,YHJ9QZV57ARZSNKC,anrufen_stufe,+49565174520,DiaCom Altenhilfe gGmbH
FK5SDSG64US9MYJH,,3BPZFYWHZDFZMM7A,anrufen_stufe,+49911980790,AWO Hans-Schneider-Haus
GS2RUXEJVV444TQR,,VGFFXBMU7RLC9UBP,anrufen_stufe,+49421478840,Anstalt Betehl Diakonie Freistatt
,,,,+49228367520,
,,,,+4923039670400,
7YAKLFB3D4XGK4UH,,9RXJX2QG83B8DZDS,anrufen_stufe,+4947189000,AWO Lotte Lemke Haus
,,,,+492632966017,
CD2W47WZY5YHZVNK,,NPDDGLTMC4D5KQJP,anrufen_stufe,+49758150950,"Vinzenz von Paul gGmbH, Haus St. Antonius"
G9MT9YZDCLWBN9GW,,KCL7LBHBMLR6PJJK,anrufen_stufe,+49934184710,Seniorenheim Haus St. Josef
SNYZEB3B2VAMQ3VX,,VY4HKAMFAMWEUUH7,anrufen_stufe,+497265341,Alten- u. Pflegeheim Elim e.V.
,,,,+4930475170,
,,,,+4936066614000,
3D7HQN9YJV9NH8NM,,QMABF85V8KFLBEAG,anrufen_stufe,+4926716008201,Franziskanerbrüder vom Heiligen Kreuz e.V. Haus St. Michael Altenheim
ZNPTRCGCWN4744XN,,AY7ZR6LBR5QMXQ8N,anrufen_stufe,+49276391430,Haus Westfalenhöhe
,,,,+495233702030,
,,,,+4942122301810,
,,,,+497725938212,
,,,,+4939469094444,
,,,,+495118603616,
,,,,+49401818852556,
RA4WJSUA2PRNLVMR,,YN6FCAJB7KCMG2RR,anrufen_stufe,+4926130060,AWO Altenzentrum
,,,,+4957617238,
,,,,+492336918000,
VVDMHPPBVUHFQACF,,CZC64CEDL5REX25Y,anrufen_stufe,+49675185750,Seniorenresidenz Felkebad
,,,,+4955087419190,
,,,,+496722901167,
CHKHNZ82U68MBRRH,,FQUMW83YZBKDW4N9,anrufen_stufe,+4921613088140,provita ambulante Krankenpflege
E4YDU2Z9AMGTFB9N,,3YWPVPF6WJ2YGKA3,anrufen_stufe,+4993180010,Seniorenheime Ehehaltenhaus und St. Nikolaus
D4W7M6WZNNMA6S64,,PYG6C8DZN7WGCZ75,anrufen_stufe,+493631651290,Landhaus am Schlosspark
,,,,+493615553370,
FSDZN4S5379245WA,,J2M62T5STP67CT79,anrufen_stufe,+4954741576,Seniorenzentrum Dielingen
,,,,+49401818848220,
,,,,+492162818230,
,,,,+4971419680,"Kleeblatt Tamm, Egelsee"
ZPU443535JQTB6CQ,,VTVMWRW9X8LFVJDH,anrufen_stufe,+49532134420,Kloster Frankenberg Goslar gGmbH
,,,,+495615077123,
GKF876CFEX5MJ74N,,4Q6XY3MFWJDS8KPS,anrufen_stufe,+49665591670,Stiftung Mutter Teresa
UTY3YPC3YL6YWGL8,,2MLWZ6Z98KFAEE8V,anrufen_stufe,+49228625054,Altentagesstätte
,,,,+495425955130,
KGQ4BYTFY8PFBWBK,,JAMPKYWNG4HJ8MH5,anrufen_stufe,+49504295580,Senioren-Domizil Privates Alten- und Pflegeheim
,,,,+4931312410,
,,,,+4925263001811,
TBSRA7HPBXJQA4GE,,KFJ72VVBASEQ239H,anrufen_stufe,+4956735013051,Philippsstiftung  Pflege-Service gGmbH
,,,,+496621182260,
,,,,+49615285950,
EEE8CQGWYEYY5RNP,,ALQJ493SMVJY4A5Z,anrufen_stufe,+49406756530,Altenheim Villa Eilersweg
CVFNBCS8J5W7U3E3,,UNFEF75B6WZXS9AX,export_negative,+49205410300,Altenheim St. Josefshaus Altenheim
8YWGPM322WPKX57X,,DUYHKPD5QBQMSH5D,anrufen_stufe,+494792989790,Specht & Tegeler Seniorenresidenzen Tarmstedt GmbH Quartier am Wald
,,,,+4926422070,
,,,,+49510552620,
3EQAXEQKQTTM3PRW,,CTQ2XGM6BRH9J4SQ,anrufen_stufe,+49665696260,DRK Seniorenzentrum Bruder Konrad
,,,,+494412291083,
W3G4CAP9UB6TTC7E,,P8ZYXFN5PSF25QX4,anrufen_stufe,+49814140910,AWO Seniorenzentrum Josefstift
E4CGQ5WP8WNJRJQF,,6HZTNLMK9ZYAAFAC,anrufen_stufe,+4926049760,Haus Hohe Lay
,,,,+4980628349,
,,,,+495535941414,
8WJRZCKWNTYN29HS,,XND49YA5DZVD4XU8,anrufen_stufe,+497328923900,Altenzentrum Königsbronn
,,,,+495218012201,
VUKAYF6C4PYATMDT,,KBJKY2WHQU9FUWU7,anrufen_stufe,+493909480070,Residenz Valenta
,,,,+4952026381,
98M2XL58HD7D5EYN,,UT5RNGJCSZ5UEHBN,export_negative,+499952909290,Seniorenheim Eichendorf GmbH
,,,,+4941551229000,
,,,,+4968818960625,
